,lat,lng,issue,reported
31161,38.311638563195,21.820893537599,garbage,2026-05-28 07:23:23
62709,38.3177425,21.8172675,garbage,2026-05-28 07:35:52
94265,38.2580697,21.7509694,garbage,2026-05-28 07:48:39
115894,38.24404795849,21.750386745681,garbage,2026-01-01 01:56:13
115895,38.25736565432,21.753665547113,garbage,2026-01-01 12:02:24
115901,38.3300751,21.8735366,garbage,2026-01-02 09:17:45
115904,38.2418465,21.7635585,garbage,2026-01-02 09:46:41
115907,38.275131137559,21.751141299742,garbage,2026-01-02 10:14:04
115909,38.23121556641,21.750810140135,garbage,2026-01-02 12:17:06
115910,38.2388476,21.7449539,garbage,2026-01-02 12:20:24
115917,38.266383717389,21.744051642003,garbage,2026-01-03 12:57:45
115923,38.155718266365,21.645381630065,garbage,2026-01-03 16:12:18
115925,38.2861527,21.7707384,garbage,2026-01-04 08:40:31
115926,38.245048,21.7537037,garbage,2026-01-04 12:33:47
115927,38.2541793,21.7506606,garbage,2026-01-04 14:11:29
115928,38.2311693,21.7508431,garbage,2026-01-04 14:35:12
115930,38.2317445,21.7513066,garbage,2026-01-04 14:37:34
115932,38.2328908,21.7507283,garbage,2026-01-04 14:42:52
115933,38.2337571,21.749229,garbage,2026-01-04 14:46:01
115934,38.2308043,21.7467753,garbage,2026-01-04 14:55:18
115935,38.2308366,21.7456202,garbage,2026-01-04 14:56:45
115936,38.2287995,21.7454279,garbage,2026-01-04 15:00:47
115942,38.245171,21.7385477,garbage,2026-01-05 07:04:48
115946,38.195064092134,21.702901090103,garbage,2026-01-05 08:03:23
115950,38.3008349,21.7798147,garbage,2026-01-05 08:59:20
115953,38.233663,21.7277718,garbage,2026-01-05 09:25:17
115955,38.2415135,21.7532907,garbage,2026-01-05 09:50:52
115956,38.233663,21.7277718,garbage,2026-01-05 10:01:03
115957,38.2223847,21.7423947,garbage,2026-01-05 10:11:54
115958,38.2591212,21.7476092,garbage,2026-01-05 10:17:38
115972,38.2549319,21.7404925,garbage,2026-01-06 09:51:36
115977,38.255440588833,21.743860937398,garbage,2026-01-06 13:34:48
115982,38.2639228,21.7482395,garbage,2026-01-07 04:10:58
115990,38.2347917,21.740151,garbage,2026-01-07 08:09:21
115994,38.2470074,21.7378897,garbage,2026-01-07 08:53:15
116000,38.21368789491,21.719245984325,garbage,2026-01-07 09:38:59
116001,38.229093,21.7403384,garbage,2026-01-07 09:40:31
116003,38.2723744,21.7438893,garbage,2026-01-07 09:45:39
116006,38.23925032907,21.736121808659,garbage,2026-01-07 09:56:50
116008,38.2151829,21.7418315,garbage,2026-01-07 09:59:30
116009,38.2573008,21.7417379,garbage,2026-01-07 10:08:05
116013,38.2633621,21.7564129,garbage,2026-01-07 11:01:09
116014,38.2634741,21.7565177,garbage,2026-01-07 11:06:41
116016,38.2427877,21.7299897,garbage,2026-01-07 11:31:18
116017,38.2929324,21.7700588,garbage,2026-01-07 11:53:47
116018,38.228951,21.7404877,garbage,2026-01-07 11:56:33
116024,38.2381259,21.7536068,garbage,2026-01-07 14:23:26
116028,38.2402967,21.746639,garbage,2026-01-07 14:39:04
116031,38.266569037165,21.747903227806,garbage,2026-01-07 14:50:27
116035,38.260326092102,21.740168610986,garbage,2026-01-07 17:47:23
116036,38.267428240859,21.741726065477,garbage,2026-01-07 18:48:17
116042,38.2236911,21.7317427,garbage,2026-01-08 06:19:38
116044,38.2335148,21.7377821,garbage,2026-01-08 07:10:11
116048,38.2401384,21.7331622,garbage,2026-01-08 07:35:22
116049,38.2393521,21.73299,garbage,2026-01-08 07:36:08
116050,38.238427,21.7313188,garbage,2026-01-08 07:37:11
116051,38.2518573,21.7389677,garbage,2026-01-08 07:40:34
116056,38.2641649,21.7510169,garbage,2026-01-08 08:04:33
116062,38.2396244,21.7290417,garbage,2026-01-08 09:02:55
116065,38.2565433,21.746913,garbage,2026-01-08 09:15:57
116066,38.254895,21.7424136,garbage,2026-01-08 09:17:46
116067,38.2372969,21.7307846,garbage,2026-01-08 09:21:01
116070,38.2281863,21.7409482,garbage,2026-01-08 09:35:46
116071,38.2399765,21.7344877,garbage,2026-01-08 09:55:14
116074,38.236712,21.7338849,garbage,2026-01-08 10:31:45
116077,38.228797978996,21.74158882652,garbage,2026-01-08 12:02:18
116078,38.216261,21.7237984,garbage,2026-01-08 12:41:12
116079,38.231771174847,21.756022124268,garbage,2026-01-08 13:18:36
116081,38.2327242,21.737893,garbage,2026-01-08 16:06:14
116082,38.2327222,21.7378989,garbage,2026-01-08 16:12:30
116092,38.2266881,21.7324471,garbage,2026-01-09 06:54:17
116093,38.2593458,21.7397683,garbage,2026-01-09 06:55:23
116096,38.2723744,21.7438893,garbage,2026-01-09 07:14:00
116097,38.2723744,21.7438893,garbage,2026-01-09 07:14:01
116101,38.2335054,21.7397362,garbage,2026-01-09 07:29:20
116104,38.1624217,21.7097991,garbage,2026-01-09 07:49:09
116107,38.234674442243,21.735234099134,garbage,2026-01-09 08:12:03
116108,38.1559723,21.64532,garbage,2026-01-09 08:13:34
116110,38.2354907,21.7270589,garbage,2026-01-09 08:20:31
116120,38.2588262,21.7417128,garbage,2026-01-09 09:54:32
116121,38.2425293,21.7298502,garbage,2026-01-09 09:54:58
116123,38.2532174,21.7451343,garbage,2026-01-09 10:01:14
116126,38.2510472,21.7446897,garbage,2026-01-09 10:19:46
116130,38.2300247,21.7327936,garbage,2026-01-09 11:24:13
116132,38.2272962,21.7292839,garbage,2026-01-09 11:52:30
116135,38.228485757472,21.742914247573,garbage,2026-01-09 15:31:04
116146,38.2428462,21.7464173,garbage,2026-01-10 08:35:03
116147,38.3145106,21.8041093,garbage,2026-01-10 09:06:32
116148,38.2185828,21.7503549,garbage,2026-01-10 10:51:14
116158,38.2672129,21.7462964,garbage,2026-01-11 10:00:34
116161,38.246619651438,21.747751999456,garbage,2026-01-11 12:25:58
116168,38.2398974,21.7523835,garbage,2026-01-11 18:30:10
116176,38.240226089845,21.746693352691,garbage,2026-01-12 04:57:09
116181,38.2684877,21.7512237,garbage,2026-01-12 06:42:18
116192,38.2444259,21.7445458,garbage,2026-01-12 07:19:54
116210,38.2447166,21.7433463,garbage,2026-01-12 07:54:54
116215,38.2197519,21.7406338,garbage,2026-01-12 08:12:13
116231,38.2147514,21.7446854,garbage,2026-01-12 09:16:23
116232,38.216250002811,21.74197330123,garbage,2026-01-12 09:26:11
116233,38.21459335742,21.744629127544,garbage,2026-01-12 09:27:29
116234,38.214634282764,21.744702692114,garbage,2026-01-12 09:28:15
116235,38.306070979128,21.791437948325,garbage,2026-01-12 09:30:34
116237,38.2416918,21.7337284,garbage,2026-01-12 09:42:51
116238,38.225799804071,21.750360779613,garbage,2026-01-12 09:44:40
116242,38.2575364,21.7450158,garbage,2026-01-12 10:05:12
116243,38.2549926,21.739069,garbage,2026-01-12 10:06:29
116247,38.2586363,21.7430259,garbage,2026-01-12 10:19:28
116251,38.2083235,21.7355998,garbage,2026-01-12 11:02:42
116257,38.2252781,21.7492186,garbage,2026-01-12 14:21:57
116258,38.2251137,21.7493006,garbage,2026-01-12 14:26:29
116259,38.2250124,21.7493486,garbage,2026-01-12 14:29:57
116260,38.2261959,21.7498536,garbage,2026-01-12 14:31:48
116261,38.2261847,21.7498237,garbage,2026-01-12 14:32:23
116276,38.2698329,21.742107,garbage,2026-01-13 06:43:06
116287,38.2409085,21.736216,garbage,2026-01-13 07:05:06
116292,38.311159107057,21.802478542431,garbage,2026-01-13 07:32:29
116300,38.2177088,21.7357997,garbage,2026-01-13 08:19:22
116306,38.2151172,21.7279972,garbage,2026-01-13 08:50:25
116310,38.2794388,21.772125,garbage,2026-01-13 09:18:20
116312,38.2664991,21.7464398,garbage,2026-01-13 09:41:53
116314,38.2621077,21.7491632,garbage,2026-01-13 10:00:54
116318,38.256284,21.7500776,garbage,2026-01-13 10:18:13
116320,38.217093,21.7403086,garbage,2026-01-13 10:23:08
116322,38.2278974,21.7423291,garbage,2026-01-13 10:24:13
116326,38.2458082,21.7339292,garbage,2026-01-13 11:35:10
116327,38.2549126,21.7425777,garbage,2026-01-13 11:54:38
116329,38.259640963106,21.748001578318,garbage,2026-01-13 15:48:33
116330,38.26054783612,21.748448745701,garbage,2026-01-13 15:51:07
116331,38.266059406643,21.751604606311,garbage,2026-01-13 15:54:51
116335,38.263067871424,21.749625062178,garbage,2026-01-13 16:48:57
116352,38.231032576828,21.749947071075,garbage,2026-01-14 07:18:49
116353,38.250436022433,21.742533950975,garbage,2026-01-14 07:18:53
116357,38.191964649028,21.760477423668,garbage,2026-01-14 07:24:40
116365,38.2197052,21.7562027,garbage,2026-01-14 08:26:56
116368,38.254028,21.7583104,garbage,2026-01-14 08:42:11
116369,38.23739,21.7446689,garbage,2026-01-14 08:47:08
116370,38.2391202,21.7525271,garbage,2026-01-14 08:52:46
116374,38.206006313962,21.734615564346,garbage,2026-01-14 09:57:13
116376,38.267409,21.7682995,garbage,2026-01-14 10:05:47
116381,38.2675596,21.7562141,garbage,2026-01-14 10:51:42
116382,38.2332515,21.7292996,garbage,2026-01-14 10:52:48
116383,38.2173375,21.7335076,garbage,2026-01-14 11:21:16
116384,38.2581132,21.7472044,garbage,2026-01-14 11:34:57
116385,38.268380091908,21.751390099525,garbage,2026-01-14 11:38:36
116386,38.2281863,21.7409482,garbage,2026-01-14 11:38:55
116387,38.268312704633,21.751481294632,garbage,2026-01-14 11:39:10
116388,38.2365615,21.7278832,garbage,2026-01-14 11:48:53
116389,38.2371384,21.7392637,garbage,2026-01-14 11:52:53
116392,38.260278302894,21.748257700103,garbage,2026-01-14 13:08:14
116393,38.259876119844,21.747356914587,garbage,2026-01-14 13:09:59
116394,38.264123615849,21.751072061467,garbage,2026-01-14 13:11:22
116395,38.259744741586,21.746688777909,garbage,2026-01-14 13:12:53
116396,38.2333115,21.7545699,garbage,2026-01-14 14:03:36
116397,38.2369173,21.7570251,garbage,2026-01-14 14:16:56
116398,38.2385832,21.7543965,garbage,2026-01-14 14:23:01
116399,38.23955,21.7529515,garbage,2026-01-14 14:28:00
116401,38.2386074,21.7432308,garbage,2026-01-14 15:58:56
116402,38.2386068,21.7432403,garbage,2026-01-14 16:02:30
116403,38.2293401,21.7468655,garbage,2026-01-14 16:40:13
116416,38.208846,21.760773,garbage,2026-01-15 04:17:58
116418,38.220194877242,21.74348294735,garbage,2026-01-15 05:46:33
116419,38.2363776,21.7481604,garbage,2026-01-15 06:57:05
116421,38.2354883,21.7292104,garbage,2026-01-15 07:06:59
116424,38.2673042,21.7476539,garbage,2026-01-15 07:14:55
116425,38.2542561,21.7395169,garbage,2026-01-15 07:20:25
116426,38.2391954,21.7303449,garbage,2026-01-15 07:21:10
116429,38.231171418375,21.729487607355,garbage,2026-01-15 07:35:22
116439,38.265343,21.7556698,garbage,2026-01-15 08:25:29
116444,38.22579,21.745746,garbage,2026-01-15 08:49:33
116448,38.216861214801,21.788934859187,garbage,2026-01-15 09:01:00
116450,38.2178629,21.7358275,garbage,2026-01-15 09:25:31
116457,38.2416141,21.7309087,garbage,2026-01-15 10:35:15
116461,38.184355162107,21.728993654251,garbage,2026-01-15 11:04:23
116463,38.2409581,21.7283733,garbage,2026-01-15 11:06:55
116466,38.222715101811,21.726493835449,garbage,2026-01-15 12:19:53
116472,38.318598502588,21.816172599792,garbage,2026-01-15 17:41:45
116480,38.230949474389,21.732529580678,garbage,2026-01-15 20:10:31
116483,38.254028,21.7583104,garbage,2026-01-15 20:30:09
116484,38.2129491,21.7742996,garbage,2026-01-16 04:02:11
116487,38.2244956,21.7372766,garbage,2026-01-16 06:24:35
116488,38.238319735568,21.75234404815,garbage,2026-01-16 06:53:26
116489,38.238203715159,21.75356917832,garbage,2026-01-16 06:54:20
116491,38.2611263,21.74129,garbage,2026-01-16 06:59:01
116492,38.2801163,21.7683227,garbage,2026-01-16 07:06:16
116493,38.2549067,21.739382,garbage,2026-01-16 07:08:37
116494,38.2528471,21.7388798,garbage,2026-01-16 07:09:24
116496,38.250267390639,21.739847019881,garbage,2026-01-16 07:20:49
116497,38.287006063975,21.762274503708,garbage,2026-01-16 07:25:40
116500,38.278946685747,21.759781283268,garbage,2026-01-16 07:32:12
116501,38.284299348887,21.772663433356,garbage,2026-01-16 07:38:58
116502,38.2318299,21.7448063,garbage,2026-01-16 07:39:06
116505,38.2199342,21.7559326,garbage,2026-01-16 07:58:32
116507,38.239578972851,21.752965624125,garbage,2026-01-16 08:17:25
116509,38.2303627,21.7431878,garbage,2026-01-16 08:18:32
116514,38.221820234005,21.736278533936,garbage,2026-01-16 08:33:11
116515,38.223637,21.7442319,garbage,2026-01-16 08:35:17
116517,38.2381639,21.7363355,garbage,2026-01-16 08:51:47
116518,38.2396244,21.7290417,garbage,2026-01-16 08:53:34
116521,38.1845438,21.7486586,garbage,2026-01-16 09:03:07
116523,38.2258095,21.7513818,garbage,2026-01-16 09:17:00
116524,38.2365746,21.7466688,garbage,2026-01-16 09:19:55
116526,38.2583522,21.7540485,garbage,2026-01-16 09:40:05
116529,38.2391202,21.7525271,garbage,2026-01-16 10:04:14
116531,38.2699751,21.7492965,garbage,2026-01-16 10:09:59
116532,38.2281863,21.7409482,garbage,2026-01-16 10:12:11
116535,38.2808769,21.7687025,garbage,2026-01-16 10:41:15
116536,38.2266433,21.7494685,garbage,2026-01-16 10:57:20
116537,38.2416918,21.7337284,garbage,2026-01-16 10:58:02
116540,38.286260779981,21.76722649254,garbage,2026-01-16 11:13:38
116543,38.2273987,21.7473167,garbage,2026-01-16 14:25:44
116545,38.2247576,21.7533329,garbage,2026-01-16 14:36:19
116548,38.2304435,21.7458544,garbage,2026-01-16 15:22:38
116558,38.2264986,21.7376121,garbage,2026-01-17 05:30:57
116559,38.230064,21.7436719,garbage,2026-01-17 05:32:35
116561,38.2306973,21.7332735,garbage,2026-01-17 08:17:15
116562,38.2162147,21.7237351,garbage,2026-01-17 09:16:50
116564,38.2613715,21.7555961,garbage,2026-01-17 11:04:03
116565,38.247996803288,21.737846504883,garbage,2026-01-17 13:08:19
116571,38.2274501,21.7459815,garbage,2026-01-17 16:33:45
116580,38.2295948,21.7411347,garbage,2026-01-18 09:42:31
116586,38.26470816025,21.744115762243,garbage,2026-01-18 13:16:34
116587,38.242826965944,21.735173401163,garbage,2026-01-18 13:29:12
116588,38.240189909264,21.737507969476,garbage,2026-01-18 13:44:34
116602,38.2560295,21.7419496,garbage,2026-01-19 03:58:47
116606,38.22486860246,21.745312213898,garbage,2026-01-19 06:36:14
116612,38.2082632,21.7660512,garbage,2026-01-19 07:30:11
116615,38.2342462,21.729006,garbage,2026-01-19 07:37:25
116616,38.2381639,21.7363355,garbage,2026-01-19 07:55:25
116625,38.2325047,21.7450575,garbage,2026-01-19 08:50:31
116627,38.2298993,21.7434698,garbage,2026-01-19 09:55:52
116628,38.2457686,21.7440494,garbage,2026-01-19 09:57:03
116630,38.2832961,21.7596432,garbage,2026-01-19 10:00:10
116631,38.248860439462,21.745577804188,garbage,2026-01-19 10:13:39
116632,38.2128222,21.7594556,garbage,2026-01-19 10:31:08
116637,38.266085495145,21.751544064493,garbage,2026-01-19 11:00:11
116638,38.2288614,21.7452044,garbage,2026-01-19 11:03:17
116640,38.231449,21.7300874,garbage,2026-01-19 11:18:24
116642,38.2395898,21.7307551,garbage,2026-01-19 11:33:09
116643,38.2545147,21.7412689,garbage,2026-01-19 11:34:22
116644,38.2463736,21.7393765,garbage,2026-01-19 11:35:50
116645,38.2430599,21.7363166,garbage,2026-01-19 11:37:01
116646,38.2400332,21.7342149,garbage,2026-01-19 11:37:58
116647,38.2463828,21.7382977,garbage,2026-01-19 11:39:02
116648,38.2247049,21.7439317,garbage,2026-01-19 11:56:49
116652,38.234107000828,21.726770997047,garbage,2026-01-19 12:28:59
116662,38.254028,21.7583104,garbage,2026-01-19 20:36:39
116663,38.273791928183,21.759994660283,garbage,2026-01-20 05:49:36
116673,38.2665547,21.7575039,garbage,2026-01-20 07:24:24
116680,38.2236907,21.7344428,garbage,2026-01-20 08:27:46
116683,38.25799,21.7429154,garbage,2026-01-20 08:53:32
116684,38.2419953,21.7328556,garbage,2026-01-20 08:55:31
116691,38.2309412,21.7409999,garbage,2026-01-20 09:22:05
116693,38.2299407,21.7430407,garbage,2026-01-20 09:54:29
116698,38.2468339,21.7368026,garbage,2026-01-20 10:55:54
116700,38.2434602,21.7497009,garbage,2026-01-20 11:01:39
116704,38.1942865,21.6954329,garbage,2026-01-20 11:18:44
116705,38.2344205,21.7720046,garbage,2026-01-20 11:40:21
116722,38.2437872,21.7512403,garbage,2026-01-21 07:26:35
116724,38.308416823845,21.804595516905,garbage,2026-01-21 08:06:15
116725,38.260263687356,21.748200935502,garbage,2026-01-21 08:08:47
116727,38.260464641347,21.748452248506,garbage,2026-01-21 08:10:36
116730,38.2701151,21.7491958,garbage,2026-01-21 08:35:57
116731,38.2957438,21.82466,garbage,2026-01-21 08:39:16
116732,38.2035961,21.710657,garbage,2026-01-21 08:40:58
116742,38.2868249,21.7682829,garbage,2026-01-21 10:24:30
116749,38.286822289921,21.768219366024,garbage,2026-01-21 11:01:30
116750,38.289556,21.7706346,garbage,2026-01-21 11:01:31
116752,38.2145005,21.7539891,garbage,2026-01-21 11:45:52
116755,38.281681571047,21.770938057323,garbage,2026-01-21 13:38:37
116782,38.161539197226,21.663376092911,garbage,2026-01-21 18:28:22
116795,38.241528815486,21.729481262908,garbage,2026-01-21 21:03:21
116802,38.215191835857,21.752327030844,garbage,2026-01-22 04:42:25
116805,38.219651333268,21.755797484108,garbage,2026-01-22 05:23:33
116806,38.239178903401,21.737579915275,garbage,2026-01-22 05:26:15
116807,38.300856005927,21.79454998914,garbage,2026-01-22 05:49:46
116809,38.216276414904,21.723828428227,garbage,2026-01-22 06:26:20
116811,38.275969568318,21.754142045975,garbage,2026-01-22 06:57:46
116815,38.29876003808,21.799785248147,garbage,2026-01-22 07:16:50
116817,38.304265661649,21.817862425716,garbage,2026-01-22 07:22:25
116818,38.30338678215,21.807076273909,garbage,2026-01-22 07:25:01
116820,38.301874067541,21.79971257614,garbage,2026-01-22 07:31:23
116821,38.272256605788,21.775004634401,garbage,2026-01-22 07:32:03
116822,38.298456608127,21.799913350986,garbage,2026-01-22 07:34:38
116824,38.295215108438,21.785837546872,garbage,2026-01-22 07:45:54
116830,38.3036275,21.7826092,garbage,2026-01-22 08:06:35
116832,38.302123939033,21.787572875805,garbage,2026-01-22 08:14:47
116833,38.247287630952,21.739533058764,garbage,2026-01-22 08:15:53
116835,38.327467028793,21.837910430616,garbage,2026-01-22 08:20:11
116840,38.310778776527,21.791018324033,garbage,2026-01-22 08:27:34
116842,38.3150347,21.8161845,garbage,2026-01-22 08:36:53
116845,38.312382058384,21.808378831433,garbage,2026-01-22 08:41:28
116848,38.3114638,21.8075984,garbage,2026-01-22 08:46:44
116851,38.309637972564,21.807358323486,garbage,2026-01-22 08:55:34
116853,38.312356749915,21.809022391865,garbage,2026-01-22 08:58:46
116856,38.2202922,21.7391917,garbage,2026-01-22 09:15:55
116857,38.2434521,21.733627,garbage,2026-01-22 09:22:22
116858,38.327024437645,21.847576696509,garbage,2026-01-22 09:22:54
116859,38.2643784,21.7421371,garbage,2026-01-22 09:26:21
116865,38.2009451,21.7341777,garbage,2026-01-22 09:36:48
116867,38.2990751,21.7785458,garbage,2026-01-22 09:58:01
116868,38.293168127893,21.783467581826,garbage,2026-01-22 09:59:51
116870,38.293977699104,21.782236392055,garbage,2026-01-22 10:01:58
116871,38.292672027138,21.767543416337,garbage,2026-01-22 10:04:07
116872,38.2919391,21.7719824,garbage,2026-01-22 10:05:37
116874,38.292705804876,21.769808379935,garbage,2026-01-22 10:07:47
116877,38.301168021342,21.794485176334,garbage,2026-01-22 10:21:50
116878,38.3036275,21.7826092,garbage,2026-01-22 10:23:35
116879,38.301327962234,21.785483870478,garbage,2026-01-22 10:25:14
116882,38.300819208101,21.781367847663,garbage,2026-01-22 10:27:35
116883,38.2990751,21.7785458,garbage,2026-01-22 10:29:06
116884,38.293598701399,21.770569716365,garbage,2026-01-22 10:31:37
116885,38.293363275185,21.772307711874,garbage,2026-01-22 10:34:27
116896,38.2746901,21.7595303,garbage,2026-01-22 13:56:20
116909,38.239945283725,21.732407350978,garbage,2026-01-22 17:53:22
116916,38.247541810348,21.738442076961,garbage,2026-01-22 19:05:26
116928,38.2114577,21.7492912,garbage,2026-01-22 23:45:26
116929,38.2219852,21.7396822,garbage,2026-01-23 05:51:58
116930,38.282826488742,21.762641072273,garbage,2026-01-23 06:08:24
116939,38.186370358675,21.703501939774,garbage,2026-01-23 07:26:59
116940,38.2755883,21.7542198,garbage,2026-01-23 07:27:15
116949,38.251865440631,21.743252407935,garbage,2026-01-23 07:37:10
116955,38.2761302,21.7640783,garbage,2026-01-23 07:58:52
116961,38.2649271,21.7441594,garbage,2026-01-23 08:13:49
116963,38.2415375,21.7542244,garbage,2026-01-23 08:25:15
116965,38.1913347,21.7313814,garbage,2026-01-23 08:41:26
116974,38.265999470163,21.761940231406,garbage,2026-01-23 09:28:14
116979,38.270667445838,21.766877174377,garbage,2026-01-23 09:36:33
116983,38.27523907778,21.762896974592,garbage,2026-01-23 09:50:49
116989,38.2191428,21.7350683,garbage,2026-01-23 10:50:06
116991,38.249828,21.7425813,garbage,2026-01-23 11:05:52
116992,38.255496113166,21.745516061783,garbage,2026-01-23 11:11:40
117000,38.2609523,21.7575652,garbage,2026-01-23 14:28:36
117002,38.247176690496,21.73939883815,garbage,2026-01-23 15:16:37
117003,38.247112092177,21.739348641808,garbage,2026-01-23 15:21:24
117004,38.2366161,21.7445802,garbage,2026-01-23 15:47:57
117005,38.267256,21.7496652,garbage,2026-01-23 15:56:36
117008,38.216799600674,21.760507786594,garbage,2026-01-23 16:22:08
117033,38.2524251,21.7374128,garbage,2026-01-23 20:08:20
117049,38.3046798,21.7930161,garbage,2026-01-24 06:16:32
117050,38.2661771,21.7404992,garbage,2026-01-24 06:16:39
117051,38.304933,21.7932025,garbage,2026-01-24 06:18:11
117052,38.3084067,21.794942,garbage,2026-01-24 06:20:03
117053,38.310039775663,21.800673007965,garbage,2026-01-24 06:25:56
117054,38.312230149714,21.803977489471,garbage,2026-01-24 06:29:21
117055,38.2980714,21.7747113,garbage,2026-01-24 06:36:40
117058,38.2701212,21.7448578,garbage,2026-01-24 07:39:21
117060,38.2423991,21.7278516,garbage,2026-01-24 07:44:47
117062,38.2543218,21.7450005,garbage,2026-01-24 08:27:16
117063,38.2410977,21.7401068,garbage,2026-01-24 09:19:07
117070,38.2297351,21.7633446,garbage,2026-01-24 11:25:58
117072,38.2297351,21.7633446,garbage,2026-01-24 11:32:34
117089,38.239389370851,21.737810947608,garbage,2026-01-24 17:04:23
117128,38.2652952,21.7419427,garbage,2026-01-25 10:37:12
117135,38.2239121,21.7256332,garbage,2026-01-25 12:12:14
117138,38.2289187,21.7452543,garbage,2026-01-25 13:37:50
117143,38.234719557673,21.731400909618,garbage,2026-01-25 15:01:28
117145,38.257436589358,21.742663819302,garbage,2026-01-25 15:24:17
117150,38.2584217715,21.738869783867,garbage,2026-01-25 16:14:43
117151,38.252522486002,21.741718709436,garbage,2026-01-25 16:19:17
117163,38.2863258,21.7723681,garbage,2026-01-25 17:05:02
117176,38.2417021,21.7394027,garbage,2026-01-25 19:44:19
117180,38.2799775,21.7619006,garbage,2026-01-25 19:57:55
117186,38.2629081,21.755871,garbage,2026-01-25 21:01:46
117188,38.257168,21.746185,garbage,2026-01-25 21:57:45
117189,38.257168,21.746185,garbage,2026-01-25 22:01:01
117190,38.2575388,21.742821,garbage,2026-01-25 22:04:08
117191,38.2566429,21.7450956,garbage,2026-01-25 22:05:38
117194,38.2145925,21.7525622,garbage,2026-01-26 03:57:47
117195,38.272261,21.7433583,garbage,2026-01-26 04:12:13
117196,38.2222767,21.7445675,garbage,2026-01-26 04:15:26
117198,38.237229903997,21.749123606949,garbage,2026-01-26 05:22:38
117199,38.261926590745,21.7609371601,garbage,2026-01-26 06:38:37
117203,38.2296419,21.7303795,garbage,2026-01-26 06:57:02
117208,38.2415029,21.7609868,garbage,2026-01-26 07:18:53
117221,38.2266088,21.7530611,garbage,2026-01-26 08:06:08
117222,38.2963203,21.7779425,garbage,2026-01-26 08:08:15
117225,38.291748754076,21.781891326441,garbage,2026-01-26 08:17:18
117236,38.3107099,21.7957229,garbage,2026-01-26 08:49:42
117242,38.2589975,21.7469237,garbage,2026-01-26 09:08:51
117245,38.3114638,21.8075984,garbage,2026-01-26 09:22:28
117247,38.309775221538,21.807959289037,garbage,2026-01-26 09:25:48
117248,38.2237106,21.7684458,garbage,2026-01-26 09:27:43
117252,38.2451191,21.7298692,garbage,2026-01-26 09:42:58
117256,38.224427,21.7679983,garbage,2026-01-26 09:46:55
117257,38.236416339347,21.730132445066,garbage,2026-01-26 09:48:00
117260,38.1865146,21.7157484,garbage,2026-01-26 10:28:42
117263,38.2681147,21.7502633,garbage,2026-01-26 10:44:57
117264,38.2267379,21.7435663,garbage,2026-01-26 10:47:13
117275,38.265918668185,21.752420031667,garbage,2026-01-26 13:41:41
117278,38.220052387083,21.744224649405,garbage,2026-01-26 14:47:11
117282,38.2383818,21.7304268,garbage,2026-01-26 17:01:08
117298,38.287252887638,21.766630411148,garbage,2026-01-26 19:09:48
117314,38.2553383,21.7458138,garbage,2026-01-27 02:22:29
117316,38.287132382537,21.76695227623,garbage,2026-01-27 05:09:26
117326,38.235355802058,21.742082834244,garbage,2026-01-27 07:09:53
117328,38.2284221,21.7326479,garbage,2026-01-27 07:12:27
117330,38.3150255,21.8090614,garbage,2026-01-27 07:16:11
117339,38.2680258,21.7492963,garbage,2026-01-27 07:59:45
117346,38.21148514336,21.782265148195,garbage,2026-01-27 08:25:10
117347,38.2549067,21.739382,garbage,2026-01-27 08:28:31
117350,38.277649457988,21.794300079346,garbage,2026-01-27 08:45:14
117358,38.230656609673,21.750282123658,garbage,2026-01-27 09:10:12
117361,38.2389849,21.7405068,garbage,2026-01-27 09:40:31
117366,38.2265042,21.7439582,garbage,2026-01-27 09:56:40
117368,38.300532743589,21.799031496048,garbage,2026-01-27 10:01:30
117379,38.2673376,21.7556138,garbage,2026-01-27 11:40:09
117380,38.258577111941,21.743580615775,garbage,2026-01-27 13:14:26
117381,38.2288545,21.7466969,garbage,2026-01-27 13:29:28
117382,38.2288545,21.7466969,garbage,2026-01-27 13:29:50
117383,38.2275244,21.7461911,garbage,2026-01-27 13:32:45
117387,38.2165278,21.7511775,garbage,2026-01-27 14:22:41
117396,38.2576866,21.7509928,garbage,2026-01-27 16:03:40
117405,38.2195452,21.7402507,garbage,2026-01-27 18:12:32
117407,38.220209979225,21.771579980847,garbage,2026-01-27 18:28:49
117410,38.247629922202,21.738997055559,garbage,2026-01-27 19:17:38
117420,38.217775716695,21.755255279169,garbage,2026-01-27 22:21:58
117422,38.228974359097,21.747688110081,garbage,2026-01-27 22:39:19
117423,38.282351262855,21.772059326293,garbage,2026-01-28 01:49:39
117424,38.2171296,21.7546934,garbage,2026-01-28 04:32:12
117425,38.2711862,21.7422567,garbage,2026-01-28 04:44:23
117427,38.2403342,21.7326118,garbage,2026-01-28 06:20:10
117429,38.2612974,21.7392006,garbage,2026-01-28 06:53:40
117430,38.2238779,21.7396515,garbage,2026-01-28 06:56:26
117431,38.2238779,21.7396515,garbage,2026-01-28 06:56:28
117443,38.2238779,21.7396515,garbage,2026-01-28 07:47:32
117444,38.2561335,21.7422982,garbage,2026-01-28 07:52:55
117446,38.2264294,21.7447857,garbage,2026-01-28 07:56:05
117449,38.2658529,21.7547378,garbage,2026-01-28 08:18:48
117452,38.2390903,21.7396768,garbage,2026-01-28 08:32:49
117453,38.2495357,21.7398448,garbage,2026-01-28 08:39:11
117455,38.2466272,21.7384989,garbage,2026-01-28 08:44:59
117461,38.225671,21.7596829,garbage,2026-01-28 09:11:00
117464,38.2542942,21.7403937,garbage,2026-01-28 09:34:49
117472,38.2346633,21.7317441,garbage,2026-01-28 11:12:34
117474,38.2422087,21.7354914,garbage,2026-01-28 11:15:15
117476,38.289763969258,21.76833987236,garbage,2026-01-28 11:40:37
117477,38.247963100205,21.736043917516,garbage,2026-01-28 11:41:11
117478,38.2373129,21.7346905,garbage,2026-01-28 11:43:13
117481,38.226939162016,21.740523576736,garbage,2026-01-28 11:57:01
117484,38.227081036734,21.740570068359,garbage,2026-01-28 11:58:39
117485,38.2428135,21.7522668,garbage,2026-01-28 12:36:23
117496,38.2309243,21.7316833,garbage,2026-01-28 14:23:59
117498,38.244307627262,21.744375228936,garbage,2026-01-28 15:06:05
117500,38.215410519455,21.753710372224,garbage,2026-01-28 16:11:20
117513,38.251274353461,21.736681777645,garbage,2026-01-28 18:27:17
117516,38.1958595,21.7309281,garbage,2026-01-28 18:39:35
117517,38.25175564115,21.744352498955,garbage,2026-01-28 19:04:44
117526,38.2468117,21.7356498,garbage,2026-01-29 03:56:38
117527,38.2383552,21.7492159,garbage,2026-01-29 05:24:50
117528,38.289178110158,21.799639024206,garbage,2026-01-29 05:47:06
117529,38.312352725626,21.818797580904,garbage,2026-01-29 05:51:45
117530,38.306775367644,21.806727439339,garbage,2026-01-29 05:58:43
117531,38.297370699998,21.77610677843,garbage,2026-01-29 06:01:30
117532,38.291215911496,21.801117991131,garbage,2026-01-29 06:04:57
117534,38.240296366265,21.727673546342,garbage,2026-01-29 06:29:36
117536,38.2579652,21.7407544,garbage,2026-01-29 06:36:12
117543,38.2412969,21.7365311,garbage,2026-01-29 07:08:34
117549,38.2373054,21.7609071,garbage,2026-01-29 07:52:54
117551,38.255746,21.7444311,garbage,2026-01-29 08:11:51
117552,38.2718307,21.7446991,garbage,2026-01-29 08:15:24
117553,38.2198225,21.7430956,garbage,2026-01-29 08:25:24
117560,38.2480604,21.7380195,garbage,2026-01-29 08:47:20
117563,38.231138,21.7295199,garbage,2026-01-29 09:04:12
117564,38.254028,21.7583104,garbage,2026-01-29 09:09:16
117565,38.2115838,21.7701996,garbage,2026-01-29 09:18:30
117567,38.2660381,21.7467489,garbage,2026-01-29 09:38:41
117569,38.2192184,21.7564022,garbage,2026-01-29 09:54:33
117570,38.2501092,21.7378917,garbage,2026-01-29 09:58:34
117571,38.2330374,21.7407765,garbage,2026-01-29 10:08:21
117572,38.214359,21.717737,garbage,2026-01-29 10:17:49
117573,38.2657074,21.7469214,garbage,2026-01-29 10:18:43
117579,38.2263067,21.7414344,garbage,2026-01-29 10:39:39
117580,38.2539298,21.7418224,garbage,2026-01-29 10:42:32
117584,38.2606283,21.7447857,garbage,2026-01-29 10:53:42
117586,38.2415566,21.7401051,garbage,2026-01-29 11:14:10
117593,38.226607728965,21.763143539429,garbage,2026-01-29 11:38:26
117595,38.2313918,21.7515551,garbage,2026-01-29 11:49:23
117600,38.25005872987,21.740801583617,garbage,2026-01-29 12:19:25
117604,38.2583316,21.7411104,garbage,2026-01-29 14:07:41
117606,38.227866610259,21.743893325329,garbage,2026-01-29 15:40:14
117615,38.233066,21.7304671,garbage,2026-01-29 19:15:02
117632,38.3018643,21.7739054,garbage,2026-01-29 20:50:26
117637,38.240134674939,21.73610329628,garbage,2026-01-29 21:29:50
117642,38.256984064075,21.752353006107,garbage,2026-01-30 06:26:25
117644,38.2552287,21.7394015,garbage,2026-01-30 06:53:04
117647,38.259374493067,21.740180764511,garbage,2026-01-30 07:06:59
117653,38.2415135,21.7532907,garbage,2026-01-30 07:50:04
117656,38.293825788723,21.779797480168,garbage,2026-01-30 08:11:17
117658,38.2268275,21.7312679,garbage,2026-01-30 08:26:17
117659,38.304232688927,21.782940832602,garbage,2026-01-30 08:30:07
117660,38.304838882542,21.784303287582,garbage,2026-01-30 08:32:43
117662,38.307330862087,21.787479049856,garbage,2026-01-30 08:37:21
117664,38.308400029231,21.7829483812,garbage,2026-01-30 08:46:25
117666,38.317045666107,21.816650853367,garbage,2026-01-30 08:49:52
117668,38.2119139,21.7422402,garbage,2026-01-30 08:55:38
117669,38.3036275,21.7826092,garbage,2026-01-30 08:55:41
117672,38.298237940863,21.777844671207,garbage,2026-01-30 08:59:37
117676,38.2401945,21.7292629,garbage,2026-01-30 09:31:00
117681,38.2334637,21.7595889,garbage,2026-01-30 10:09:40
117684,38.255141067217,21.74756526947,garbage,2026-01-30 10:28:07
117691,38.2084219,21.7561954,garbage,2026-01-30 11:31:04
117694,38.236243,21.7458999,garbage,2026-01-30 12:29:44
117696,38.23627898494,21.745890788564,garbage,2026-01-30 12:32:22
117697,38.23057865268,21.738531589508,garbage,2026-01-30 13:27:53
117700,38.235348624026,21.736267805099,garbage,2026-01-30 14:34:58
117701,38.235314915079,21.738638877869,garbage,2026-01-30 14:41:20
117703,38.246412397307,21.735429605728,garbage,2026-01-30 15:29:02
117724,38.273993107163,21.764184236526,garbage,2026-01-30 21:52:17
117728,38.232769,21.7378991,garbage,2026-01-31 06:21:33
117730,38.232817265766,21.737923789324,garbage,2026-01-31 06:24:37
117734,38.232845692208,21.737886030833,garbage,2026-01-31 07:34:44
117736,38.22377289581,21.741777062416,garbage,2026-01-31 08:30:49
117739,38.2822048,21.762666,garbage,2026-01-31 08:45:42
117742,38.231883367843,21.74480778354,garbage,2026-01-31 10:45:40
117746,38.2320133,21.7502197,garbage,2026-01-31 13:55:05
117747,38.238577587811,21.746964454651,garbage,2026-01-31 13:58:52
117748,38.2492085,21.7363247,garbage,2026-02-02 07:31:52
117749,38.2084315,21.7202902,garbage,2026-02-02 07:39:46
117754,38.221265000105,21.739628588388,garbage,2026-02-02 07:46:43
117756,38.241237564994,21.746343589554,garbage,2026-02-02 07:47:59
117758,38.2347744,21.7324884,garbage,2026-02-02 07:50:31
117759,38.2420806,21.7550515,garbage,2026-02-02 07:53:33
117760,38.2213652,21.7395625,garbage,2026-02-02 08:07:15
117767,38.185804151096,21.714239680592,garbage,2026-02-02 08:31:44
117770,38.2510472,21.7446897,garbage,2026-02-02 08:36:18
117772,38.2364069,21.744455,garbage,2026-02-02 08:43:47
117774,38.2213652,21.7395625,garbage,2026-02-02 08:52:52
117775,38.2396515,21.7324918,garbage,2026-02-02 08:54:16
117778,38.2152027,21.7535161,garbage,2026-02-02 08:59:01
117779,38.230444,21.7449769,garbage,2026-02-02 09:04:33
117780,38.265424,21.744642,garbage,2026-02-02 09:10:10
117782,38.239726440731,21.74816340204,garbage,2026-02-02 09:25:22
117787,38.2248798,21.7540168,garbage,2026-02-02 09:43:52
117788,38.2248798,21.7540168,garbage,2026-02-02 09:45:11
117789,38.2529796,21.7400896,garbage,2026-02-02 09:48:44
117792,38.2314645,21.7300336,garbage,2026-02-02 10:08:07
117793,38.25189016675,21.742769479752,garbage,2026-02-02 10:09:10
117795,38.2928298,21.771334,garbage,2026-02-02 10:13:25
117801,38.2198994,21.7305611,garbage,2026-02-02 10:28:44
117802,38.213368,21.7485232,garbage,2026-02-02 10:40:40
117805,38.2402506,21.7428882,garbage,2026-02-02 11:12:58
117810,38.215959,21.7504929,garbage,2026-02-02 11:36:49
117813,38.2613168,21.7480484,garbage,2026-02-02 12:13:48
117817,38.2701212,21.7448578,garbage,2026-02-02 13:12:30
117819,38.228843736625,21.745331659934,garbage,2026-02-02 13:29:20
117821,38.2240535,21.7466748,garbage,2026-02-02 14:02:45
117823,38.294435204455,21.787023285798,garbage,2026-02-02 15:16:18
117834,38.230141,21.7307109,garbage,2026-02-02 16:42:18
117846,38.2327578,21.7378753,garbage,2026-02-02 17:37:48
117849,38.265103313289,21.75775118872,garbage,2026-02-02 18:02:12
117855,38.326752833845,21.872391700745,garbage,2026-02-02 18:22:32
117860,38.2397173,21.7481487,garbage,2026-02-02 19:23:54
117869,38.2410157,21.7287171,garbage,2026-02-02 21:48:00
117870,38.2410157,21.7287171,garbage,2026-02-02 21:51:54
117873,38.244564,21.7307447,garbage,2026-02-03 06:17:14
117874,38.2343671,21.7396928,garbage,2026-02-03 06:42:17
117875,38.2304892,21.7307054,garbage,2026-02-03 06:46:17
117881,38.2304892,21.7307054,garbage,2026-02-03 07:08:35
117884,38.2373517,21.7369792,garbage,2026-02-03 07:16:34
117885,38.2166408,21.7511594,garbage,2026-02-03 07:21:14
117886,38.271139431725,21.751205184264,garbage,2026-02-03 07:25:49
117891,38.2128116,21.7352793,garbage,2026-02-03 07:47:03
117902,38.2114543,21.716189,garbage,2026-02-03 09:33:14
117910,38.1558917,21.647915,garbage,2026-02-03 10:07:31
117911,38.213780893109,21.739819049835,garbage,2026-02-03 10:08:35
117922,38.208051356994,21.769462271232,garbage,2026-02-03 10:52:11
117923,38.2345591,21.7424115,garbage,2026-02-03 11:04:24
117924,38.2365261,21.7442493,garbage,2026-02-03 11:05:11
117925,38.2345591,21.7424115,garbage,2026-02-03 11:06:36
117937,38.285477422683,21.762560148029,garbage,2026-02-03 13:43:32
117955,38.249648235217,21.739036740671,garbage,2026-02-03 19:28:01
117965,38.183485796713,21.72647036567,garbage,2026-02-03 21:37:55
117966,38.242195429953,21.742112338502,garbage,2026-02-03 21:51:09
117971,38.23654237288,21.748720386394,garbage,2026-02-04 05:21:58
117972,38.2701212,21.7448578,garbage,2026-02-04 05:54:41
117973,38.2204765,21.7488299,garbage,2026-02-04 06:39:57
117976,38.24261,21.751329,garbage,2026-02-04 06:56:45
117981,38.202661613644,21.744583538687,garbage,2026-02-04 07:05:37
117988,38.209632,21.7566926,garbage,2026-02-04 07:43:40
117991,38.2571547,21.746957,garbage,2026-02-04 08:00:51
117996,38.248855846974,21.739250096695,garbage,2026-02-04 08:31:52
118000,38.2601727,21.7557943,garbage,2026-02-04 08:48:51
118001,38.2258916,21.7454703,garbage,2026-02-04 08:54:49
118003,38.2407693,21.7416541,garbage,2026-02-04 09:01:50
118007,38.2383552,21.7492159,garbage,2026-02-04 09:23:52
118011,38.2288416,21.726684,garbage,2026-02-04 09:34:44
118014,38.252564666717,21.744958162308,garbage,2026-02-04 09:40:55
118015,38.2877802,21.7685932,garbage,2026-02-04 09:44:41
118021,38.270052,21.7492808,garbage,2026-02-04 10:44:39
118022,38.2549126,21.7425777,garbage,2026-02-04 11:13:19
118023,38.2582592,21.7506441,garbage,2026-02-04 11:30:53
118024,38.289189858902,21.7676451574,garbage,2026-02-04 12:11:31
118025,38.289796249463,21.768372058868,garbage,2026-02-04 12:28:11
118032,38.235628104831,21.748463704716,garbage,2026-02-04 13:45:35
118033,38.230463803408,21.74519112421,garbage,2026-02-04 13:46:56
118038,38.2374275,21.7354869,garbage,2026-02-04 15:31:25
118039,38.2374624,21.7352222,garbage,2026-02-04 15:36:51
118060,38.272261,21.7433583,garbage,2026-02-05 04:12:37
118061,38.2192678,21.7306227,garbage,2026-02-05 04:17:18
118063,38.2272135,21.7662621,garbage,2026-02-05 04:46:44
118066,38.154590026559,21.631173972403,garbage,2026-02-05 06:29:18
118068,38.2475032,21.7395818,garbage,2026-02-05 06:39:43
118072,38.2174454,21.7386099,garbage,2026-02-05 06:54:09
118073,38.2095491,21.7166632,garbage,2026-02-05 06:57:40
118074,38.222183,21.7328021,garbage,2026-02-05 07:12:44
118075,38.258359063738,21.750446011488,garbage,2026-02-05 07:18:02
118079,38.2724278,21.7434844,garbage,2026-02-05 07:48:46
118091,38.2680181,21.7547752,garbage,2026-02-05 09:00:45
118092,38.2476813,21.7337666,garbage,2026-02-05 09:03:30
118093,38.2701733,21.7492236,garbage,2026-02-05 09:08:22
118099,38.2385391,21.744721,garbage,2026-02-05 09:54:10
118101,38.2676497,21.7474157,garbage,2026-02-05 09:55:36
118103,38.2229707,21.7319312,garbage,2026-02-05 10:08:02
118104,38.2199963,21.7715129,garbage,2026-02-05 10:09:25
118118,38.227679435966,21.74383699894,garbage,2026-02-05 12:02:44
118119,38.31201706074,21.810500621796,garbage,2026-02-05 12:07:12
118123,38.267624461748,21.753069155759,garbage,2026-02-05 14:10:00
118130,38.210777562811,21.740093485474,garbage,2026-02-05 17:38:42
118131,38.199384938704,21.708512306213,garbage,2026-02-05 17:49:27
118138,38.279033362977,21.760489269109,garbage,2026-02-06 03:56:37
118140,38.2278004,21.7404689,garbage,2026-02-06 04:55:49
118142,38.257327743238,21.753676226481,garbage,2026-02-06 06:00:54
118143,38.2701212,21.7448578,garbage,2026-02-06 06:31:23
118144,38.201881960349,21.736238734826,garbage,2026-02-06 06:53:17
118148,38.2341791,21.7459834,garbage,2026-02-06 07:12:23
118150,38.2761548,21.763816,garbage,2026-02-06 07:19:56
118154,38.235276397463,21.752011359421,garbage,2026-02-06 07:31:36
118160,38.2372596,21.7285754,garbage,2026-02-06 07:44:38
118165,38.2307741,21.7284917,garbage,2026-02-06 08:16:53
118166,38.226534,21.7439022,garbage,2026-02-06 08:23:19
118167,38.2335016,21.7340126,garbage,2026-02-06 08:23:56
118168,38.226534,21.7439022,garbage,2026-02-06 08:26:04
118169,38.2263965,21.7445456,garbage,2026-02-06 08:27:52
118172,38.2848545,21.8037448,garbage,2026-02-06 08:42:07
118177,38.2363835,21.7373271,garbage,2026-02-06 09:31:35
118178,38.2364333,21.7383072,garbage,2026-02-06 09:32:23
118180,38.2372341,21.7355793,garbage,2026-02-06 09:33:21
118181,38.2372341,21.7355793,garbage,2026-02-06 09:34:47
118182,38.2681147,21.7502633,garbage,2026-02-06 09:37:55
118183,38.2475032,21.7395818,garbage,2026-02-06 09:39:13
118184,38.2266881,21.7324471,garbage,2026-02-06 09:46:44
118192,38.2575547,21.7457244,garbage,2026-02-06 10:39:45
118193,38.2271053,21.7519473,garbage,2026-02-06 10:45:56
118211,38.2587043,21.7451754,garbage,2026-02-06 20:51:11
118215,38.2435144,21.7497681,garbage,2026-02-07 06:31:41
118216,38.2359522,21.7374126,garbage,2026-02-07 06:33:59
118220,38.250882571822,21.741746041104,garbage,2026-02-07 07:42:40
118221,38.271859,21.7540368,garbage,2026-02-07 07:46:00
118225,38.257703463564,21.746647953987,garbage,2026-02-07 08:52:53
118241,38.2314731,21.7410595,garbage,2026-02-07 14:30:20
118242,38.2564035,21.7418534,garbage,2026-02-07 15:09:49
118244,38.255901741374,21.743896007538,garbage,2026-02-07 15:52:00
118247,38.183321019918,21.726811607621,garbage,2026-02-07 16:40:16
118251,38.268767567523,21.744041911587,garbage,2026-02-07 18:23:42
118260,38.269197281025,21.745234440314,garbage,2026-02-07 23:42:14
118261,38.269073067292,21.744765043259,garbage,2026-02-07 23:44:26
118262,38.2564368,21.7418463,garbage,2026-02-07 23:45:56
118273,38.2296062,21.7499201,garbage,2026-02-08 09:27:22
118274,38.251729728901,21.742805016819,garbage,2026-02-08 09:53:58
118278,38.2383278,21.7312979,garbage,2026-02-08 11:35:39
118279,38.2396263,21.732399,garbage,2026-02-08 11:40:12
118281,38.262900460001,21.756073236465,garbage,2026-02-08 12:52:31
118283,38.3312521,21.8741183,garbage,2026-02-08 15:30:14
118286,38.269900500671,21.758614906588,garbage,2026-02-08 15:56:06
118290,38.269845947403,21.749823689461,garbage,2026-02-08 16:51:59
118294,38.2205338,21.7355333,garbage,2026-02-08 17:02:52
118295,38.306303931785,21.806395491481,garbage,2026-02-08 17:26:04
118302,38.28726936408,21.766517758369,garbage,2026-02-08 18:42:46
118303,38.222703667532,21.738319199728,garbage,2026-02-08 18:50:45
118305,38.215689,21.75301,garbage,2026-02-08 19:21:52
118325,38.2929122,21.8018427,garbage,2026-02-09 06:04:00
118326,38.2651839,21.7581587,garbage,2026-02-09 06:23:51
118327,38.205776623439,21.738464523805,garbage,2026-02-09 06:27:01
118330,38.238982596402,21.751084327698,garbage,2026-02-09 06:42:51
118332,38.2304067,21.729994,garbage,2026-02-09 07:00:14
118334,38.2375267,21.7416818,garbage,2026-02-09 07:07:24
118336,38.235257617874,21.742029190063,garbage,2026-02-09 07:10:18
118338,38.2379042,21.7414966,garbage,2026-02-09 07:14:47
118339,38.2424225,21.748672,garbage,2026-02-09 07:16:40
118341,38.2931556,21.7694944,garbage,2026-02-09 07:33:26
118348,38.317656544106,21.812760359441,garbage,2026-02-09 08:06:15
118349,38.293426384531,21.801865262155,garbage,2026-02-09 08:11:10
118350,38.2304067,21.729994,garbage,2026-02-09 08:18:34
118351,38.2635363,21.7541178,garbage,2026-02-09 08:21:15
118353,38.26709,21.7442627,garbage,2026-02-09 08:24:28
118354,38.1647511,21.7271594,garbage,2026-02-09 08:26:48
118355,38.2405592,21.7285372,garbage,2026-02-09 08:28:21
118356,38.2294687,21.7431342,garbage,2026-02-09 08:30:05
118357,38.230397836386,21.728585958481,garbage,2026-02-09 08:31:03
118360,38.2432277,21.73971,garbage,2026-02-09 08:34:50
118361,38.241616016266,21.735554337502,garbage,2026-02-09 08:42:33
118362,38.2826475,21.7715977,garbage,2026-02-09 08:42:56
118370,38.2380398,21.7439896,garbage,2026-02-09 09:03:25
118372,38.2388608,21.729748,garbage,2026-02-09 09:04:56
118374,38.2348651,21.7325936,garbage,2026-02-09 09:07:08
118380,38.260811267824,21.755990084452,garbage,2026-02-09 09:25:24
118381,38.2000489,21.7369521,garbage,2026-02-09 09:34:37
118382,38.2475264,21.7386553,garbage,2026-02-09 09:39:45
118386,38.2205338,21.7355333,garbage,2026-02-09 10:03:11
118390,38.2231145,21.7389818,garbage,2026-02-09 10:19:46
118396,38.2143318,21.7526909,garbage,2026-02-09 11:02:11
118397,38.224842361338,21.759770488946,garbage,2026-02-09 11:15:51
118398,38.292566710534,21.801012810929,garbage,2026-02-09 11:40:22
118399,38.292591588803,21.783852413087,garbage,2026-02-09 11:52:27
118408,38.282968040866,21.76953963515,garbage,2026-02-09 13:56:05
118410,38.199325128429,21.708484143019,garbage,2026-02-09 16:28:17
118417,38.258814902749,21.744550869936,garbage,2026-02-09 18:13:45
118419,38.258243536407,21.745323478567,garbage,2026-02-09 18:20:26
118432,38.26914326159,21.745183467865,garbage,2026-02-09 20:35:32
118433,38.223532892742,21.729277968407,garbage,2026-02-09 21:24:51
118435,38.2464573,21.7352765,garbage,2026-02-09 23:15:10
118445,38.2311104,21.7407836,garbage,2026-02-10 06:52:35
118451,38.3015057,21.7940151,garbage,2026-02-10 07:34:22
118453,38.251879343,21.743233951398,garbage,2026-02-10 07:37:49
118454,38.214627,21.7206548,garbage,2026-02-10 07:43:45
118457,38.2407763,21.7376411,garbage,2026-02-10 08:14:26
118464,38.274565,21.7531266,garbage,2026-02-10 08:48:09
118469,38.241500998392,21.745430231094,garbage,2026-02-10 09:15:54
118470,38.325982797625,21.847579479218,garbage,2026-02-10 09:17:59
118472,38.2414559,21.7454417,garbage,2026-02-10 09:18:30
118473,38.3281642,21.8733127,garbage,2026-02-10 09:22:57
118474,38.3055366,21.9030998,garbage,2026-02-10 09:25:29
118477,38.234430812315,21.744024753571,garbage,2026-02-10 09:50:24
118478,38.23532,21.7432171,garbage,2026-02-10 09:52:51
118493,38.23139635123,21.741101145744,garbage,2026-02-10 12:33:31
118500,38.2336732,21.7426754,garbage,2026-02-10 13:43:16
118501,38.2336418,21.7426344,garbage,2026-02-10 13:46:00
118508,38.216624364145,21.789023264962,garbage,2026-02-10 15:34:32
118510,38.2701212,21.7448578,garbage,2026-02-10 16:44:43
118533,38.2711033,21.7422456,garbage,2026-02-10 21:07:33
118535,38.1565216,21.6464642,garbage,2026-02-10 22:05:18
118538,38.2399932,21.731537,garbage,2026-02-11 04:13:07
118539,38.2526701,21.7396162,garbage,2026-02-11 05:23:31
118546,38.3222338,21.8531095,garbage,2026-02-11 06:42:15
118547,38.2882472,21.8017364,garbage,2026-02-11 06:43:53
118552,38.2679891,21.741924,garbage,2026-02-11 06:54:42
118553,38.311427804737,21.800722607614,garbage,2026-02-11 06:58:53
118554,38.2579652,21.7407544,garbage,2026-02-11 07:03:19
118563,38.2116216,21.7638812,garbage,2026-02-11 07:28:28
118564,38.250794104708,21.740283730109,garbage,2026-02-11 07:30:54
118567,38.2128773,21.7600435,garbage,2026-02-11 07:33:18
118569,38.213760629265,21.73242688179,garbage,2026-02-11 07:35:59
118573,38.2248152,21.7451161,garbage,2026-02-11 08:08:57
118574,38.2248152,21.7451161,garbage,2026-02-11 08:12:44
118577,38.2595697,21.7581866,garbage,2026-02-11 08:20:15
118579,38.2641178,21.7397651,garbage,2026-02-11 08:38:21
118585,38.2402295,21.7346113,garbage,2026-02-11 09:00:57
118590,38.2335485,21.7315347,garbage,2026-02-11 09:16:53
118594,38.2077727,21.7210377,garbage,2026-02-11 09:25:04
118597,38.299682542307,21.778894761619,garbage,2026-02-11 09:41:15
118599,38.300139617945,21.777461256016,garbage,2026-02-11 09:43:54
118600,38.30280143961,21.78179289181,garbage,2026-02-11 09:45:40
118602,38.304931493412,21.785667011085,garbage,2026-02-11 09:51:54
118604,38.306842574191,21.787307388479,garbage,2026-02-11 09:55:33
118605,38.300735022086,21.781405269057,garbage,2026-02-11 10:00:30
118607,38.308408509399,21.782962317074,garbage,2026-02-11 10:09:44
118608,38.2237053,21.7394734,garbage,2026-02-11 10:18:03
118610,38.2471696,21.732306,garbage,2026-02-11 10:45:56
118617,38.2536796,21.7430336,garbage,2026-02-11 11:22:03
118622,38.2205338,21.7355333,garbage,2026-02-11 13:37:55
118643,38.2457342,21.7362567,garbage,2026-02-12 06:40:48
118647,38.2232439,21.7485272,garbage,2026-02-12 07:11:59
118650,38.218243713617,21.756977666078,garbage,2026-02-12 07:41:01
118654,38.231892269927,21.740478873253,garbage,2026-02-12 08:19:55
118657,38.3019603,21.7809193,garbage,2026-02-12 08:31:54
118659,38.2963343,21.7806329,garbage,2026-02-12 08:34:11
118660,38.226989776541,21.765632629395,garbage,2026-02-12 08:35:16
118661,38.296114121364,21.778120994568,garbage,2026-02-12 08:36:02
118665,38.233818367174,21.745172867675,garbage,2026-02-12 08:48:45
118669,38.2677706,21.7469377,garbage,2026-02-12 10:11:58
118670,38.226658461285,21.74320936203,garbage,2026-02-12 10:41:34
118678,38.2267194,21.7678132,garbage,2026-02-12 16:14:19
118693,38.233132650163,21.756556034088,garbage,2026-02-13 06:12:46
118694,38.240210290577,21.735908305885,garbage,2026-02-13 07:05:07
118695,38.2318963,21.7412994,garbage,2026-02-13 07:15:23
118699,38.220935236311,21.771061420441,garbage,2026-02-13 07:58:11
118700,38.2250091,21.7447358,garbage,2026-02-13 08:01:05
118701,38.2999392,21.7750575,garbage,2026-02-13 08:02:56
118702,38.2963203,21.7779425,garbage,2026-02-13 08:06:02
118704,38.2918429,21.7695035,garbage,2026-02-13 08:08:45
118705,38.292900695972,21.770753241714,garbage,2026-02-13 08:11:40
118709,38.244432,21.7333494,garbage,2026-02-13 08:47:15
118710,38.2525031,21.7395802,garbage,2026-02-13 08:51:04
118713,38.2415029,21.7609868,garbage,2026-02-13 09:07:31
118725,38.2327122,21.7467669,garbage,2026-02-13 10:12:53
118726,38.2290558,21.7641751,garbage,2026-02-13 10:14:08
118731,38.2151371,21.7216267,garbage,2026-02-13 11:02:35
118738,38.267692574093,21.754982276025,garbage,2026-02-13 14:08:46
118741,38.234884134509,21.74530952759,garbage,2026-02-13 14:32:30
118742,38.250600038861,21.73703932451,garbage,2026-02-13 14:34:32
118746,38.2701212,21.7448578,garbage,2026-02-13 15:26:36
118749,38.237160231552,21.743472218513,garbage,2026-02-13 15:54:08
118753,38.264314601072,21.745348445184,garbage,2026-02-13 18:06:51
118768,38.2701212,21.7448578,garbage,2026-02-14 05:31:58
118771,38.22286681823,21.726311445236,garbage,2026-02-14 08:06:25
118774,38.2207423,21.7523802,garbage,2026-02-14 08:34:05
118778,38.219044837735,21.777010472368,garbage,2026-02-14 09:17:27
118780,38.241860741467,21.752578366127,garbage,2026-02-14 09:25:50
118783,38.216910457847,21.789064407349,garbage,2026-02-14 10:28:32
118786,38.1877081,21.7108536,garbage,2026-02-14 11:10:59
118787,38.232417243057,21.734665412171,garbage,2026-02-14 11:11:54
118796,38.217392183855,21.728685266534,garbage,2026-02-14 12:55:21
118798,38.2725986,21.743268,garbage,2026-02-14 13:33:19
118809,38.266403701242,21.750612240226,garbage,2026-02-14 19:50:47
118810,38.247170008761,21.742570996284,garbage,2026-02-14 20:24:41
118826,38.268810068911,21.743949651718,garbage,2026-02-15 05:39:33
118833,38.254742811578,21.739565895532,garbage,2026-02-15 11:20:21
118835,38.2488729,21.7342853,garbage,2026-02-15 14:21:57
118844,38.202436341342,21.762906114245,garbage,2026-02-15 18:47:16
118853,38.2453627,21.7405159,garbage,2026-02-16 04:39:34
118854,38.238628985693,21.750641102298,garbage,2026-02-16 05:16:26
118855,38.238575400645,21.752451522445,garbage,2026-02-16 05:17:10
118856,38.240233196864,21.746603337061,garbage,2026-02-16 05:18:58
118858,38.260665527425,21.739533238501,garbage,2026-02-16 06:24:03
118864,38.2428468,21.7353311,garbage,2026-02-16 07:03:52
118865,38.2473392,21.7416822,garbage,2026-02-16 07:06:42
118867,38.247621,21.7414482,garbage,2026-02-16 07:08:01
118875,38.243627,21.7319861,garbage,2026-02-16 08:03:53
118880,38.2548115,21.7410259,garbage,2026-02-16 08:14:05
118886,38.2127446,21.7741337,garbage,2026-02-16 08:57:41
118890,38.2681846,21.7430968,garbage,2026-02-16 09:11:11
118900,38.317693099051,21.819839747522,garbage,2026-02-16 09:36:33
118903,38.2407991,21.7378551,garbage,2026-02-16 09:57:41
118904,38.244805,21.7302693,garbage,2026-02-16 10:00:44
118905,38.214765071146,21.725242574466,garbage,2026-02-16 10:01:19
118906,38.214587192781,21.725255576894,garbage,2026-02-16 10:05:08
118907,38.214587192781,21.725255576894,garbage,2026-02-16 10:05:13
118908,38.2421637,21.7468925,garbage,2026-02-16 10:10:42
118910,38.2548115,21.7410259,garbage,2026-02-16 10:19:33
118913,38.2114674,21.7493592,garbage,2026-02-16 10:45:39
118917,38.2241775,21.7235145,garbage,2026-02-16 11:14:52
118919,38.2290562,21.73813,garbage,2026-02-16 11:44:02
118922,38.2371857,21.7434119,garbage,2026-02-16 12:04:30
118928,38.2116198,21.7500008,garbage,2026-02-16 14:28:02
118931,38.2377895,21.7361054,garbage,2026-02-16 15:47:55
118934,38.2418342,21.7355183,garbage,2026-02-16 16:16:18
118935,38.258733386672,21.745183953464,garbage,2026-02-16 16:35:40
118939,38.237236987495,21.751299480908,garbage,2026-02-16 17:26:54
118940,38.259480218896,21.74352425167,garbage,2026-02-16 17:37:20
118949,38.23236085649,21.759781377848,garbage,2026-02-16 19:03:27
118960,38.23440098265,21.751208483439,garbage,2026-02-17 05:41:49
118972,38.2289717,21.7287222,garbage,2026-02-17 07:43:55
118976,38.219207394525,21.727513116784,garbage,2026-02-17 08:23:59
118980,38.3034759,21.7963984,garbage,2026-02-17 08:55:47
118981,38.3031162,21.7952792,garbage,2026-02-17 09:03:05
118982,38.3046798,21.7930161,garbage,2026-02-17 09:05:15
118983,38.3060974,21.791382,garbage,2026-02-17 09:07:54
118985,38.3081026,21.7908403,garbage,2026-02-17 09:10:18
118987,38.2980714,21.7747113,garbage,2026-02-17 09:14:55
118988,38.3107099,21.7957229,garbage,2026-02-17 09:20:08
118992,38.2392853,21.729229,garbage,2026-02-17 09:45:01
118994,38.260250027036,21.74825418247,garbage,2026-02-17 10:26:23
118995,38.259729130093,21.747969266519,garbage,2026-02-17 10:27:53
118996,38.259957777883,21.747283412645,garbage,2026-02-17 10:29:11
118998,38.259755305516,21.746694406877,garbage,2026-02-17 10:30:58
119004,38.2504913,21.7439583,garbage,2026-02-17 10:55:44
119009,38.2276729,21.7749972,garbage,2026-02-17 11:39:48
119024,38.250447599247,21.741611637734,garbage,2026-02-17 15:45:12
119025,38.250891345659,21.743230240662,garbage,2026-02-17 15:46:30
119027,38.245124308135,21.736473440198,garbage,2026-02-17 16:50:23
119032,38.27411150303,21.745162010193,garbage,2026-02-17 17:53:49
119035,38.2489992,21.7393858,garbage,2026-02-17 18:20:11
119036,38.258334703816,21.745258753914,garbage,2026-02-17 18:34:54
119044,38.2651222,21.7618871,garbage,2026-02-17 20:26:09
119045,38.2651222,21.7618871,garbage,2026-02-17 20:33:05
119051,38.2724278,21.7434844,garbage,2026-02-18 06:01:58
119052,38.2600596,21.7403959,garbage,2026-02-18 06:24:44
119057,38.2304576,21.7326375,garbage,2026-02-18 06:54:52
119058,38.2639885,21.7482354,garbage,2026-02-18 06:58:05
119059,38.251864128289,21.743258295814,garbage,2026-02-18 07:05:39
119069,38.220319626095,21.771385592955,garbage,2026-02-18 07:40:00
119070,38.253782163805,21.740883917443,garbage,2026-02-18 07:50:42
119071,38.2535721,21.7407224,garbage,2026-02-18 07:58:20
119076,38.294192451142,21.788935661316,garbage,2026-02-18 08:28:22
119078,38.2413151,21.7384096,garbage,2026-02-18 08:46:25
119080,38.2363739,21.7354393,garbage,2026-02-18 08:53:17
119081,38.3015057,21.7940151,garbage,2026-02-18 09:02:23
119086,38.2294198,21.7431854,garbage,2026-02-18 09:45:45
119087,38.231487267854,21.741809919456,garbage,2026-02-18 09:50:19
119092,38.229417188865,21.744428202646,garbage,2026-02-18 10:16:09
119097,38.2371888,21.7435251,garbage,2026-02-18 11:05:01
119100,38.2368352,21.7431946,garbage,2026-02-18 11:44:46
119102,38.216681994875,21.748587220382,garbage,2026-02-18 12:05:19
119109,38.244481456024,21.75061404705,garbage,2026-02-18 15:56:41
119112,38.2628331,21.7558482,garbage,2026-02-18 17:33:42
119116,38.2628235,21.7558937,garbage,2026-02-18 18:35:47
119136,38.234291854267,21.759881973267,garbage,2026-02-19 07:08:15
119141,38.2444341,21.7306875,garbage,2026-02-19 07:44:06
119142,38.1645774,21.659123,garbage,2026-02-19 07:48:48
119145,38.239094433424,21.729117035866,garbage,2026-02-19 07:58:07
119148,38.2760245,21.7604354,garbage,2026-02-19 08:34:34
119157,38.2723744,21.7438893,garbage,2026-02-19 09:11:20
119161,38.2353144,21.7350368,garbage,2026-02-19 09:20:52
119168,38.22838217039,21.736654548226,garbage,2026-02-19 10:59:22
119178,38.2583316,21.7411104,garbage,2026-02-19 15:13:14
119204,38.237147360758,21.743275136171,garbage,2026-02-19 23:05:19
119205,38.235961108189,21.744282978596,garbage,2026-02-19 23:09:46
119211,38.2301001,21.7373616,garbage,2026-02-20 06:53:29
119216,38.2654921,21.746444,garbage,2026-02-20 07:13:40
119218,38.2275912,21.7315273,garbage,2026-02-20 07:25:28
119221,38.294069910929,21.789053678513,garbage,2026-02-20 07:31:16
119226,38.2713054,21.8352154,garbage,2026-02-20 08:05:46
119227,38.284361345067,21.762735843658,garbage,2026-02-20 08:11:56
119235,38.2956572,21.8053664,garbage,2026-02-20 09:34:50
119238,38.2385775,21.729582,garbage,2026-02-20 09:51:02
119248,38.219298027156,21.75121307373,garbage,2026-02-20 17:42:04
119251,38.259248351683,21.747663706243,garbage,2026-02-20 18:37:36
119256,38.272261097371,21.743996143341,garbage,2026-02-21 09:14:05
119258,38.3060974,21.791382,garbage,2026-02-21 09:51:42
119259,38.2988676,21.7799776,garbage,2026-02-21 09:53:11
119261,38.294477428866,21.805329322815,garbage,2026-02-21 10:09:55
119262,38.294095616351,21.789010763168,garbage,2026-02-21 10:12:00
119264,38.260627577065,21.745015291006,garbage,2026-02-21 11:25:54
119283,38.226176386919,21.73705964827,garbage,2026-02-21 21:56:47
119287,38.214872285293,21.725256121717,garbage,2026-02-22 08:54:49
119289,38.232828837156,21.751588582993,garbage,2026-02-22 10:08:45
119294,38.235865698226,21.744332100157,garbage,2026-02-22 12:55:03
119295,38.253654486841,21.744653231383,garbage,2026-02-22 15:22:12
119296,38.255200478619,21.743876605433,garbage,2026-02-22 15:22:48
119298,38.2338987,21.7534915,garbage,2026-02-22 17:25:04
119308,38.268046576934,21.752115397319,garbage,2026-02-23 09:29:19
119313,38.329125674356,21.87623683869,garbage,2026-02-23 10:23:21
119318,38.227595505897,21.743991002475,garbage,2026-02-23 12:05:17
119319,38.227817446358,21.744031682597,garbage,2026-02-23 12:09:16
119325,38.18750333501,21.763097402099,garbage,2026-02-23 17:33:51
119334,38.277666883875,21.761730842733,garbage,2026-02-23 19:36:57
119342,38.2599964,21.757262,garbage,2026-02-24 05:35:11
119344,38.2552414,21.7449229,garbage,2026-02-24 06:40:02
119349,38.2403068,21.7374832,garbage,2026-02-24 07:09:03
119350,38.2705108,21.752337,garbage,2026-02-24 07:16:39
119353,38.2272364,21.7348449,garbage,2026-02-24 07:27:00
119355,38.2257435,21.7447793,garbage,2026-02-24 07:46:45
119356,38.2191806,21.7436341,garbage,2026-02-24 07:56:28
119357,38.2221116,21.7222698,garbage,2026-02-24 08:15:15
119365,38.274189962412,21.757682561874,garbage,2026-02-24 08:42:24
119368,38.264996935285,21.751764971139,garbage,2026-02-24 09:14:33
119369,38.263148968781,21.749676105056,garbage,2026-02-24 09:33:31
119371,38.222613957356,21.726408004761,garbage,2026-02-24 09:46:12
119373,38.2593719,21.7401356,garbage,2026-02-24 09:51:30
119382,38.2237326,21.7364754,garbage,2026-02-24 10:23:30
119386,38.325549966445,21.894510608283,garbage,2026-02-24 10:41:42
119392,38.2326947,21.7561095,garbage,2026-02-24 11:16:09
119393,38.2248798,21.7540168,garbage,2026-02-24 11:21:08
119396,38.2424286,21.7486457,garbage,2026-02-24 12:59:42
119399,38.2357893,21.7368857,garbage,2026-02-24 15:27:50
119412,38.230216256911,21.745505332947,garbage,2026-02-24 19:33:30
119413,38.228818101703,21.746759042198,garbage,2026-02-24 19:38:04
119421,38.2757695,21.7530954,garbage,2026-02-25 04:02:16
119424,38.251956806755,21.738274097443,garbage,2026-02-25 06:21:37
119427,38.3023794,21.7753517,garbage,2026-02-25 06:36:49
119433,38.2621733,21.7526695,garbage,2026-02-25 06:59:54
119438,38.2421274,21.7462441,garbage,2026-02-25 07:08:43
119439,38.257095020032,21.741321086884,garbage,2026-02-25 07:11:35
119440,38.2674377,21.7535076,garbage,2026-02-25 07:13:27
119443,38.2688536,21.748851,garbage,2026-02-25 07:22:08
119455,38.231925885236,21.741194986637,garbage,2026-02-25 07:53:31
119457,38.2658939,21.764499,garbage,2026-02-25 08:13:13
119458,38.2658529,21.7547378,garbage,2026-02-25 08:16:31
119459,38.2799026,21.7703829,garbage,2026-02-25 08:24:03
119460,38.2571547,21.746957,garbage,2026-02-25 08:25:06
119461,38.209632,21.7566926,garbage,2026-02-25 08:31:19
119463,38.2553383,21.7458138,garbage,2026-02-25 08:39:05
119465,38.2336246,21.7535791,garbage,2026-02-25 08:42:02
119467,38.2377674,21.7549275,garbage,2026-02-25 08:55:42
119468,38.2391971,21.7486485,garbage,2026-02-25 08:59:13
119469,38.2237619,21.73831,garbage,2026-02-25 09:00:01
119471,38.2388795,21.733648,garbage,2026-02-25 09:04:51
119473,38.2463783,21.7333874,garbage,2026-02-25 09:13:31
119474,38.319132659615,21.815535318975,garbage,2026-02-25 09:20:12
119476,38.223346046788,21.748772547851,garbage,2026-02-25 09:38:31
119479,38.1979381,21.6974262,garbage,2026-02-25 10:35:15
119484,38.206926072483,21.72292379631,garbage,2026-02-25 11:33:25
119486,38.3059479,21.7774586,garbage,2026-02-25 11:43:42
119487,38.241236036111,21.74635558592,garbage,2026-02-25 11:43:56
119488,38.2323845,21.742502,garbage,2026-02-25 11:45:23
119490,38.235186575228,21.743300110088,garbage,2026-02-25 11:46:32
119492,38.2555706,21.7456526,garbage,2026-02-25 11:49:39
119493,38.2211375,21.7572147,garbage,2026-02-25 11:52:23
119500,38.236503728268,21.744269163925,garbage,2026-02-25 16:20:13
119501,38.230127764646,21.745575070381,garbage,2026-02-25 16:45:09
119505,38.230497523918,21.75401866436,garbage,2026-02-25 17:42:59
119512,38.2515174,21.7465445,garbage,2026-02-25 19:58:38
119521,38.2457686,21.7440494,garbage,2026-02-26 06:59:47
119523,38.2680002,21.7560405,garbage,2026-02-26 07:07:19
119526,38.2333278,21.7292553,garbage,2026-02-26 07:18:16
119531,38.2238917,21.739659,garbage,2026-02-26 07:50:11
119532,38.2567934,21.7460251,garbage,2026-02-26 07:51:30
119543,38.2423961,21.7532298,garbage,2026-02-26 08:36:50
119544,38.269211309515,21.746707695546,garbage,2026-02-26 08:39:18
119546,38.2553827,21.7436814,garbage,2026-02-26 09:00:50
119550,38.2298942,21.7439141,garbage,2026-02-26 09:48:57
119553,38.210197407516,21.811982988956,garbage,2026-02-26 10:23:12
119554,38.300620883689,21.782273054123,garbage,2026-02-26 10:23:23
119557,38.242358823732,21.735067499792,garbage,2026-02-26 10:37:10
119558,38.2259164,21.7574923,garbage,2026-02-26 10:42:46
119559,38.2403899,21.7332845,garbage,2026-02-26 10:48:31
119565,38.2701212,21.7448578,garbage,2026-02-26 12:08:53
119566,38.243029685381,21.753214795764,garbage,2026-02-26 12:16:30
119571,38.271250586147,21.744492233265,garbage,2026-02-26 13:44:15
119573,38.2398441,21.7522796,garbage,2026-02-26 15:39:20
119574,38.245870885461,21.733779019256,garbage,2026-02-26 15:44:12
119577,38.2603124,21.7411577,garbage,2026-02-26 16:29:39
119584,38.18991163135,21.698663234711,garbage,2026-02-26 19:22:17
119586,38.24479833889,21.75127199192,garbage,2026-02-26 19:46:55
119588,38.2390891,21.7447079,garbage,2026-02-26 20:49:57
119590,38.2212472,21.7393975,garbage,2026-02-27 05:10:02
119591,38.268549644427,21.762071370571,garbage,2026-02-27 06:20:50
119593,38.2196652,21.7565243,garbage,2026-02-27 06:33:07
119595,38.223957383599,21.75122012131,garbage,2026-02-27 06:57:12
119597,38.2661305,21.7422825,garbage,2026-02-27 07:04:49
119599,38.251712472362,21.742815875121,garbage,2026-02-27 07:16:42
119600,38.25086993367,21.741683920827,garbage,2026-02-27 07:18:28
119604,38.207753,21.7735073,garbage,2026-02-27 07:39:44
119606,38.2304067,21.729994,garbage,2026-02-27 07:49:27
119607,38.2391017,21.7343292,garbage,2026-02-27 07:49:49
119613,38.1917411,21.7228444,garbage,2026-02-27 08:21:32
119614,38.2398261,21.7342942,garbage,2026-02-27 08:25:17
119617,38.299010608215,21.799621582031,garbage,2026-02-27 08:30:42
119625,38.239980678587,21.752405047416,garbage,2026-02-27 10:19:25
119635,38.2269404,21.7659855,garbage,2026-02-27 11:56:51
119636,38.1463673,21.6172293,garbage,2026-02-27 13:18:33
119638,38.245397665041,21.733441348934,garbage,2026-02-27 15:13:09
119640,38.2643777,21.743143,garbage,2026-02-27 16:36:49
119655,38.244593365896,21.730699539185,garbage,2026-02-28 07:01:41
119664,38.239602321674,21.744829653471,garbage,2026-02-28 12:46:40
119666,38.258410307459,21.741189658642,garbage,2026-02-28 13:53:34
119667,38.258372396922,21.741136908531,garbage,2026-02-28 14:07:40
119671,38.284841771788,21.770999729633,garbage,2026-02-28 15:56:54
119672,38.283991539757,21.762290596962,garbage,2026-02-28 17:06:16
119674,38.244933971791,21.739836148887,garbage,2026-02-28 17:42:24
119679,38.274167186866,21.757698655128,garbage,2026-03-01 07:08:12
119680,38.2795795,21.7625339,garbage,2026-03-01 07:43:54
119682,38.2613293,21.7556697,garbage,2026-03-01 08:33:03
119684,38.245321485214,21.729573972304,garbage,2026-03-01 09:50:21
119686,38.281679431186,21.77098991348,garbage,2026-03-01 09:53:53
119687,38.225899594683,21.738666239814,garbage,2026-03-01 10:15:46
119688,38.2136014,21.73148,garbage,2026-03-01 10:23:43
119689,38.213974448373,21.731274332645,garbage,2026-03-01 10:24:32
119690,38.213776724881,21.751453949425,garbage,2026-03-01 11:00:47
119696,38.279045972199,21.758807915277,garbage,2026-03-01 16:18:31
119702,38.269664600157,21.744510233402,garbage,2026-03-01 17:18:23
119705,38.2974071,21.7845628,garbage,2026-03-01 17:31:26
119708,38.252252252252,21.751231589059,garbage,2026-03-01 17:50:26
119717,38.267875882713,21.763226523491,garbage,2026-03-01 20:43:25
119720,38.232574430745,21.744016684019,garbage,2026-03-01 20:52:09
119730,38.2425293,21.7298502,garbage,2026-03-02 05:13:32
119736,38.2706161,21.760898,garbage,2026-03-02 06:55:16
119742,38.2712372,21.7464601,garbage,2026-03-02 07:11:51
119751,38.3037438,21.7786893,garbage,2026-03-02 07:59:37
119754,38.3008906,21.7725649,garbage,2026-03-02 08:01:00
119757,38.2484261,21.7403055,garbage,2026-03-02 08:17:27
119763,38.267239,21.7433001,garbage,2026-03-02 08:37:14
119766,38.2446981,21.7512459,garbage,2026-03-02 08:48:20
119770,38.2990751,21.7785458,garbage,2026-03-02 08:59:13
119774,38.2348268,21.7518638,garbage,2026-03-02 09:11:38
119775,38.2584736,21.7408273,garbage,2026-03-02 09:13:41
119781,38.222833103497,21.726418733597,garbage,2026-03-02 09:45:36
119783,38.268051707771,21.76774084568,garbage,2026-03-02 09:49:00
119787,38.2605597,21.7443068,garbage,2026-03-02 10:11:04
119791,38.2386911,21.7426384,garbage,2026-03-02 10:15:40
119796,38.2656165,21.7612782,garbage,2026-03-02 11:16:29
119797,38.223991589756,21.79114716533,garbage,2026-03-02 11:20:07
119800,38.2591558,21.7393067,garbage,2026-03-02 11:51:58
119801,38.260487311046,21.758390665054,garbage,2026-03-02 11:56:53
119807,38.257500449149,21.743232474043,garbage,2026-03-02 13:42:14
119812,38.306257378522,21.805724386648,garbage,2026-03-02 16:24:21
119814,38.238571969903,21.747081577778,garbage,2026-03-02 16:28:20
119819,38.2396723,21.732215,garbage,2026-03-02 17:18:11
119820,38.240446564179,21.746065907346,garbage,2026-03-02 18:00:25
119821,38.2599964,21.757262,garbage,2026-03-02 18:16:16
119825,38.2575968,21.7455074,garbage,2026-03-02 19:38:17
119826,38.2631258,21.748742,garbage,2026-03-02 19:42:56
119833,38.2366421,21.7336591,garbage,2026-03-02 21:11:54
119837,38.240429675721,21.731820702553,garbage,2026-03-02 21:35:12
119838,38.258299,21.752794,garbage,2026-03-03 04:57:22
119839,38.256459,21.7542413,garbage,2026-03-03 04:58:06
119840,38.2592894,21.7572159,garbage,2026-03-03 04:59:16
119841,38.2619833,21.7577099,garbage,2026-03-03 06:04:55
119842,38.231509284827,21.731144785881,garbage,2026-03-03 06:29:48
119843,38.266097313168,21.751532207665,garbage,2026-03-03 06:30:42
119844,38.26020834253,21.748229672623,garbage,2026-03-03 06:32:01
119848,38.2669444,21.7445067,garbage,2026-03-03 06:53:29
119852,38.31422554043,21.821272373199,garbage,2026-03-03 07:10:51
119853,38.2339,21.7453303,garbage,2026-03-03 07:18:17
119859,38.256504,21.7478453,garbage,2026-03-03 08:29:05
119860,38.2102317,21.7530569,garbage,2026-03-03 08:30:33
119862,38.316043442434,21.813710501211,garbage,2026-03-03 08:36:49
119863,38.3169039,21.8179948,garbage,2026-03-03 08:38:32
119864,38.315095583169,21.82135106094,garbage,2026-03-03 08:40:56
119865,38.309813947536,21.810832072881,garbage,2026-03-03 08:44:24
119866,38.2134004,21.7270165,garbage,2026-03-03 08:45:34
119867,38.3122829,21.8085747,garbage,2026-03-03 08:45:56
119868,38.234667,21.7516883,garbage,2026-03-03 08:48:08
119869,38.234667,21.7516883,garbage,2026-03-03 08:48:08
119877,38.2422681,21.7501423,garbage,2026-03-03 09:27:05
119879,38.236991916249,21.738569140434,garbage,2026-03-03 09:47:56
119880,38.231829992836,21.741166859865,garbage,2026-03-03 09:57:06
119889,38.1660704,21.6665267,garbage,2026-03-03 10:25:59
119893,38.2437519,21.7461696,garbage,2026-03-03 10:52:04
119902,38.319164076606,21.815633236358,garbage,2026-03-03 11:24:54
119903,38.318979722401,21.815835143612,garbage,2026-03-03 11:26:49
119904,38.319073142634,21.815567336479,garbage,2026-03-03 11:29:16
119906,38.250043789132,21.740776491888,garbage,2026-03-03 12:13:23
119907,38.264455377841,21.748663255007,garbage,2026-03-03 12:35:07
119909,38.250107426448,21.74115752046,garbage,2026-03-03 15:45:39
119910,38.264717268767,21.744126677513,garbage,2026-03-03 16:58:59
119921,38.2017542,21.7356369,garbage,2026-03-04 05:51:34
119926,38.3034759,21.7963984,garbage,2026-03-04 06:39:14
119928,38.309854854194,21.81505227076,garbage,2026-03-04 06:51:54
119930,38.233801367328,21.728321253092,garbage,2026-03-04 07:04:00
119932,38.2167072,21.7369518,garbage,2026-03-04 07:18:23
119934,38.2294874,21.7517885,garbage,2026-03-04 07:27:50
119935,38.2327863,21.737044,garbage,2026-03-04 07:38:01
119941,38.2004748,21.7364289,garbage,2026-03-04 08:05:16
119944,38.26138957361,21.755689836468,garbage,2026-03-04 08:18:07
119947,38.2636534,21.7479044,garbage,2026-03-04 08:35:17
119950,38.2973454,21.7928297,garbage,2026-03-04 08:48:47
119951,38.2963203,21.7779425,garbage,2026-03-04 08:50:35
119952,38.2988676,21.7799776,garbage,2026-03-04 08:52:24
119953,38.240929346124,21.740006804466,garbage,2026-03-04 08:54:30
119955,38.2266881,21.7324471,garbage,2026-03-04 09:26:28
119957,38.2265877,21.7321643,garbage,2026-03-04 09:33:21
119960,38.2310102,21.7325348,garbage,2026-03-04 09:47:22
119967,38.2150139,21.7497554,garbage,2026-03-04 10:30:25
119968,38.2150583,21.7499991,garbage,2026-03-04 10:31:27
119971,38.2421974,21.7422087,garbage,2026-03-04 10:44:56
119979,38.24217434022,21.746284714203,garbage,2026-03-04 13:53:55
119980,38.2419651,21.7461644,garbage,2026-03-04 13:54:49
119981,38.2381131,21.7348182,garbage,2026-03-04 14:06:08
119982,38.289962683076,21.772482991219,garbage,2026-03-04 15:22:41
119983,38.2288614,21.7452044,garbage,2026-03-04 15:28:15
120001,38.213162415403,21.720904856972,garbage,2026-03-04 23:13:46
120005,38.2393801,21.7398153,garbage,2026-03-05 07:08:37
120006,38.251859915628,21.743269189545,garbage,2026-03-05 07:12:45
120007,38.239942780589,21.740216753974,garbage,2026-03-05 07:17:26
120008,38.227911208994,21.738979560285,garbage,2026-03-05 07:20:06
120009,38.259698025487,21.746673636571,garbage,2026-03-05 07:23:15
120010,38.2343794,21.7424199,garbage,2026-03-05 07:38:46
120011,38.236041,21.7506415,garbage,2026-03-05 07:48:11
120012,38.2348268,21.7518638,garbage,2026-03-05 07:50:25
120013,38.241345,21.7508879,garbage,2026-03-05 07:51:59
120015,38.269690685669,21.774517800302,garbage,2026-03-05 08:04:46
120017,38.2231386,21.7274026,garbage,2026-03-05 08:33:47
120018,38.2532174,21.7451343,garbage,2026-03-05 08:34:56
120019,38.2431023,21.7409227,garbage,2026-03-05 08:41:59
120020,38.2392628,21.7668989,garbage,2026-03-05 08:45:15
120028,38.265944728491,21.753240823746,garbage,2026-03-05 09:23:37
120030,38.2693453,21.7572563,garbage,2026-03-05 09:30:18
120031,38.2309513,21.7315497,garbage,2026-03-05 09:30:29
120032,38.2340394,21.7375862,garbage,2026-03-05 09:33:31
120034,38.2318126,21.7321697,garbage,2026-03-05 09:35:57
120038,38.307817213034,21.78376157516,garbage,2026-03-05 10:02:29
120039,38.310747559838,21.791044677128,garbage,2026-03-05 10:04:15
120040,38.312508334077,21.808711586149,garbage,2026-03-05 10:12:32
120041,38.314516498407,21.807068546646,garbage,2026-03-05 10:17:28
120046,38.2377969,21.7293946,garbage,2026-03-05 10:49:18
120047,38.23375753511,21.743655009245,garbage,2026-03-05 10:52:20
120048,38.249814936391,21.741783490815,garbage,2026-03-05 11:05:21
120054,38.2730313,21.7456269,garbage,2026-03-05 12:02:42
120059,38.24354294591,21.750829679913,garbage,2026-03-05 12:39:10
120067,38.2199963,21.7715129,garbage,2026-03-05 15:46:31
120068,38.249425867696,21.739821444784,garbage,2026-03-05 15:51:09
120069,38.233719575816,21.762131331706,garbage,2026-03-05 16:14:00
120070,38.263962171841,21.766176080011,garbage,2026-03-05 16:31:15
120072,38.2329335,21.7411082,garbage,2026-03-05 17:12:22
120078,38.1868644,21.7355687,garbage,2026-03-05 18:05:40
120088,38.240792798792,21.734207868576,garbage,2026-03-06 06:37:50
120094,38.245814496402,21.736289234667,garbage,2026-03-06 07:10:37
120096,38.2116216,21.7638812,garbage,2026-03-06 07:14:24
120099,38.2358505,21.7451793,garbage,2026-03-06 07:29:09
120100,38.2348651,21.7325936,garbage,2026-03-06 07:29:38
120101,38.2382249,21.7336446,garbage,2026-03-06 07:31:19
120103,38.2080815,21.7269953,garbage,2026-03-06 07:41:38
120104,38.2262765,21.7517673,garbage,2026-03-06 07:42:48
120106,38.224671261,21.745183467865,garbage,2026-03-06 07:47:01
120112,38.285985603804,21.770728826523,garbage,2026-03-06 08:14:29
120115,38.2256544,21.7315654,garbage,2026-03-06 08:26:55
120116,38.2327563,21.7575317,garbage,2026-03-06 08:29:05
120117,38.2539257,21.743657,garbage,2026-03-06 08:35:21
120118,38.1555351,21.6426781,garbage,2026-03-06 08:36:03
120122,38.236692,21.7281751,garbage,2026-03-06 08:53:55
120123,38.2366546,21.7281149,garbage,2026-03-06 08:55:11
120124,38.2347265,21.7351663,garbage,2026-03-06 09:07:08
120125,38.2298735,21.7502212,garbage,2026-03-06 09:09:59
120126,38.2378432,21.7357631,garbage,2026-03-06 09:39:18
120127,38.2377895,21.7361054,garbage,2026-03-06 09:42:02
120128,38.227882,21.7393655,garbage,2026-03-06 10:01:00
120131,38.281523983573,21.779118776321,garbage,2026-03-06 10:34:15
120132,38.215289039338,21.717742930588,garbage,2026-03-06 10:36:15
120133,38.209112750401,21.771968007088,garbage,2026-03-06 10:45:23
120134,38.256459,21.7542413,garbage,2026-03-06 11:17:31
120136,38.2452587,21.7538093,garbage,2026-03-06 11:22:35
120137,38.2257189,21.7437895,garbage,2026-03-06 11:25:26
120138,38.234636162647,21.749069527791,garbage,2026-03-06 12:01:19
120144,38.295761396254,21.788077354431,garbage,2026-03-06 12:59:49
120145,38.277287234378,21.759050488472,garbage,2026-03-06 13:09:15
120146,38.29616674036,21.788490414619,garbage,2026-03-06 13:11:22
120153,38.231077646182,21.750842481879,garbage,2026-03-06 15:32:48
120154,38.215149007566,21.752101989804,garbage,2026-03-06 15:50:47
120164,38.2267194,21.7678132,garbage,2026-03-06 20:11:08
120168,38.312603053911,21.803506630358,garbage,2026-03-07 04:41:33
120169,38.312019691472,21.812539100647,garbage,2026-03-07 05:25:31
120170,38.293588020999,21.780288219452,garbage,2026-03-07 05:27:14
120171,38.271859,21.7540368,garbage,2026-03-07 06:26:41
120172,38.2199963,21.7715129,garbage,2026-03-07 06:26:51
120173,38.271859,21.7540368,garbage,2026-03-07 06:28:05
120174,38.198150208379,21.699497669302,garbage,2026-03-07 07:22:43
120175,38.2650137,21.7562698,garbage,2026-03-07 08:22:14
120178,38.267051200403,21.752599973307,garbage,2026-03-07 09:15:26
120180,38.300148858007,21.779236793518,garbage,2026-03-07 09:26:04
120181,38.284243414784,21.770744602166,garbage,2026-03-07 09:28:04
120185,38.192620503967,21.711537837982,garbage,2026-03-07 11:01:16
120187,38.235778411732,21.745290756226,garbage,2026-03-07 12:07:16
120190,38.232465750345,21.744042634937,garbage,2026-03-07 12:53:12
120191,38.229390324922,21.744416356087,garbage,2026-03-07 13:01:32
120192,38.226682011969,21.750997705595,garbage,2026-03-07 14:11:25
120194,38.1982126,21.6993726,garbage,2026-03-07 15:10:30
120196,38.2551734,21.7544728,garbage,2026-03-07 16:51:42
120210,38.208892127774,21.760944128037,garbage,2026-03-07 21:51:12
120211,38.290140958215,21.766896843856,garbage,2026-03-08 05:47:44
120212,38.1840891,21.703316,garbage,2026-03-08 07:42:43
120213,38.2443238,21.7534871,garbage,2026-03-08 08:49:33
120215,38.1815997,21.6774852,garbage,2026-03-08 09:46:32
120218,38.230675572173,21.746841073036,garbage,2026-03-08 10:53:51
120219,38.2274301,21.7350619,garbage,2026-03-08 12:28:35
120220,38.26544428589,21.74285531044,garbage,2026-03-08 13:17:21
120221,38.226040147467,21.749845147133,garbage,2026-03-08 14:00:13
120222,38.225673514907,21.75718322399,garbage,2026-03-08 14:08:16
120223,38.236528185844,21.736178518459,garbage,2026-03-08 14:48:43
120224,38.186035248965,21.729188287818,garbage,2026-03-08 14:55:45
120228,38.2362122,21.7360351,garbage,2026-03-08 17:24:11
120230,38.290356,21.769294,garbage,2026-03-08 17:52:09
120237,38.264952300686,21.756299865241,garbage,2026-03-08 19:22:05
120238,38.3281642,21.8733127,garbage,2026-03-08 19:45:07
120239,38.2514419,21.7479218,garbage,2026-03-08 19:54:05
120245,38.258998444781,21.74131170853,garbage,2026-03-08 21:31:01
120248,38.2392628,21.7668989,garbage,2026-03-09 06:34:14
120250,38.242126,21.7631583,garbage,2026-03-09 06:39:35
120251,38.2490392,21.7384439,garbage,2026-03-09 06:43:09
120253,38.2347744,21.7324884,garbage,2026-03-09 07:00:40
120254,38.254414572911,21.739411746947,garbage,2026-03-09 07:19:14
120255,38.254528610512,21.73873259894,garbage,2026-03-09 07:20:36
120256,38.266491669964,21.751472805827,garbage,2026-03-09 07:21:24
120261,38.2347265,21.7351663,garbage,2026-03-09 07:41:13
120267,38.309298344985,21.793497695281,garbage,2026-03-09 08:17:43
120268,38.2510262,21.7397977,garbage,2026-03-09 08:21:55
120272,38.241736,21.73772,garbage,2026-03-09 08:27:36
120277,38.2648683,21.7657186,garbage,2026-03-09 08:37:19
120278,38.2229528,21.7313067,garbage,2026-03-09 08:40:09
120281,38.273787486502,21.744056940079,garbage,2026-03-09 09:05:36
120283,38.2515953,21.7437108,garbage,2026-03-09 09:16:14
120284,38.2363491,21.7377572,garbage,2026-03-09 09:20:08
120288,38.2220613,21.7384737,garbage,2026-03-09 10:05:50
120290,38.221475493227,21.732184963901,garbage,2026-03-09 10:36:12
120292,38.221584290743,21.732029989897,garbage,2026-03-09 10:39:24
120294,38.2575773,21.7512094,garbage,2026-03-09 11:04:52
120295,38.2431023,21.7409227,garbage,2026-03-09 11:08:19
120297,38.25097813528,21.745022703918,garbage,2026-03-09 11:29:52
120298,38.2498809,21.7385123,garbage,2026-03-09 11:35:45
120300,38.2875751,21.7637979,garbage,2026-03-09 11:39:51
120301,38.2381733,21.7323295,garbage,2026-03-09 11:58:42
120303,38.232714747956,21.753748664567,garbage,2026-03-09 13:25:24
120308,38.229283984015,21.737337922594,garbage,2026-03-09 15:54:40
120309,38.1944266,21.7088071,garbage,2026-03-09 16:00:48
120310,38.294735266681,21.78791642189,garbage,2026-03-09 16:07:42
120312,38.260251050835,21.739779577262,garbage,2026-03-09 17:21:00
120315,38.2362087,21.7468704,garbage,2026-03-09 17:40:22
120318,38.2330353,21.7439697,garbage,2026-03-09 17:49:17
120324,38.186178872918,21.735064387321,garbage,2026-03-09 20:55:21
120327,38.233124865001,21.747925070849,garbage,2026-03-09 22:45:02
120328,38.301563357135,21.793785095215,garbage,2026-03-10 05:27:30
120329,38.237637190752,21.747690318302,garbage,2026-03-10 05:32:06
120330,38.233538818878,21.753525810178,garbage,2026-03-10 05:33:14
120331,38.285241881089,21.765080279653,garbage,2026-03-10 05:40:32
120332,38.3084067,21.794942,garbage,2026-03-10 05:41:51
120333,38.3107238,21.7908945,garbage,2026-03-10 05:43:25
120334,38.3095784,21.7982877,garbage,2026-03-10 05:45:20
120335,38.310091865557,21.800737380981,garbage,2026-03-10 05:47:47
120337,38.312609762223,21.803553700447,garbage,2026-03-10 05:51:47
120341,38.250562,21.7442749,garbage,2026-03-10 06:59:18
120342,38.2311104,21.7407836,garbage,2026-03-10 07:08:41
120343,38.2522347,21.7464499,garbage,2026-03-10 07:12:08
120347,38.2510472,21.7446897,garbage,2026-03-10 07:31:05
120348,38.301879879112,21.797515433151,garbage,2026-03-10 07:38:59
120350,38.2613716,21.7556075,garbage,2026-03-10 07:40:07
120351,38.2705108,21.752337,garbage,2026-03-10 07:41:43
120361,38.2446722,21.7400981,garbage,2026-03-10 08:31:14
120362,38.2363776,21.7481604,garbage,2026-03-10 08:40:37
120363,38.2421643,21.7377986,garbage,2026-03-10 08:43:02
120367,38.2449843,21.7301449,garbage,2026-03-10 08:58:52
120368,38.313442377294,21.802915334702,garbage,2026-03-10 09:16:01
120369,38.309562283226,21.808086633682,garbage,2026-03-10 09:23:49
120370,38.302217843609,21.781150556206,garbage,2026-03-10 09:25:13
120371,38.309886399647,21.808505058289,garbage,2026-03-10 09:29:51
120373,38.2562726,21.7422204,garbage,2026-03-10 09:46:53
120375,38.235010178923,21.738522531781,garbage,2026-03-10 10:18:43
120376,38.2602341,21.740538,garbage,2026-03-10 10:33:36
120380,38.1993201,21.708653,garbage,2026-03-10 11:04:09
120381,38.2312301,21.7499268,garbage,2026-03-10 11:04:39
120382,38.2391971,21.7486485,garbage,2026-03-10 11:09:32
120383,38.221673371895,21.76304780538,garbage,2026-03-10 11:38:58
120386,38.2316532,21.7276613,garbage,2026-03-10 12:14:12
120387,38.2423914,21.7486223,garbage,2026-03-10 12:25:11
120388,38.2569534,21.7476086,garbage,2026-03-10 12:31:34
120394,38.2309263,21.7307581,garbage,2026-03-10 13:57:43
120395,38.251662513126,21.746569129396,garbage,2026-03-10 14:34:03
120397,38.226973712461,21.764013568776,garbage,2026-03-10 15:58:21
120398,38.249677724732,21.740364199484,garbage,2026-03-10 16:00:21
120399,38.2674902,21.7465297,garbage,2026-03-10 16:04:26
120401,38.2674902,21.7465297,garbage,2026-03-10 16:10:58
120404,38.179262728514,21.688588857651,garbage,2026-03-10 17:09:57
120405,38.2397531,21.7402875,garbage,2026-03-10 17:14:32
120406,38.2394573,21.7397906,garbage,2026-03-10 17:16:20
120409,38.2394878,21.7388578,garbage,2026-03-10 17:24:03
120422,38.296865882378,21.786924004555,garbage,2026-03-11 04:32:16
120423,38.2779865,21.7921105,garbage,2026-03-11 04:35:40
120424,38.2790812,21.7922061,garbage,2026-03-11 04:37:45
120425,38.2781834,21.7912197,garbage,2026-03-11 04:40:30
120428,38.2664059,21.744066,garbage,2026-03-11 06:08:10
120429,38.267239,21.7433001,garbage,2026-03-11 06:10:34
120432,38.2789292,21.7595315,garbage,2026-03-11 06:54:29
120433,38.2679891,21.741924,garbage,2026-03-11 06:56:25
120434,38.267239,21.7433001,garbage,2026-03-11 06:58:56
120437,38.2557835,21.7472385,garbage,2026-03-11 07:04:24
120438,38.242349,21.7387758,garbage,2026-03-11 07:05:22
120439,38.2588011,21.7460205,garbage,2026-03-11 07:13:41
120440,38.265606969348,21.741537172022,garbage,2026-03-11 07:14:02
120441,38.2733188,21.7443429,garbage,2026-03-11 07:16:00
120443,38.2266881,21.7324471,garbage,2026-03-11 07:20:15
120446,38.2654009,21.769121,garbage,2026-03-11 07:36:47
120449,38.249641647206,21.739038358419,garbage,2026-03-11 07:40:02
120453,38.246707649226,21.780717372894,garbage,2026-03-11 07:51:31
120455,38.2668901,21.7413076,garbage,2026-03-11 08:02:08
120456,38.248495366761,21.778335571289,garbage,2026-03-11 08:42:32
120457,38.2647329,21.7441133,garbage,2026-03-11 08:43:33
120458,38.2552561,21.7427137,garbage,2026-03-11 08:47:17
120460,38.2502418,21.7393967,garbage,2026-03-11 08:52:06
120461,38.3141321,21.8089895,garbage,2026-03-11 09:02:05
120464,38.1933899,21.6984688,garbage,2026-03-11 09:09:06
120465,38.164648746015,21.660480581326,garbage,2026-03-11 09:32:07
120471,38.2217442,21.7310327,garbage,2026-03-11 10:08:41
120473,38.2403462,21.7277501,garbage,2026-03-11 11:15:10
120477,38.2189046,21.7274052,garbage,2026-03-11 11:48:29
120479,38.278437,21.759752,garbage,2026-03-11 13:35:44
120480,38.2468371,21.7350127,garbage,2026-03-11 14:57:54
120481,38.245742875214,21.742481488498,garbage,2026-03-11 15:10:56
120482,38.2549043,21.7457604,garbage,2026-03-11 17:00:21
120495,38.29018441724,21.767500839694,garbage,2026-03-11 21:15:48
120496,38.2324421,21.7440272,garbage,2026-03-12 04:09:23
120497,38.2657428,21.7527876,garbage,2026-03-12 04:18:46
120498,38.23896188105,21.749184213102,garbage,2026-03-12 05:14:05
120500,38.2606894,21.7476805,garbage,2026-03-12 06:07:50
120501,38.236656923335,21.748332265557,garbage,2026-03-12 06:08:24
120503,38.2340203,21.7383126,garbage,2026-03-12 06:43:49
120504,38.2347265,21.7351663,garbage,2026-03-12 06:51:16
120505,38.2443178,21.744669,garbage,2026-03-12 06:53:27
120506,38.2102014,21.7227161,garbage,2026-03-12 07:03:02
120511,38.1859272,21.729216,garbage,2026-03-12 07:10:55
120515,38.236791,21.7259139,garbage,2026-03-12 07:30:31
120520,38.298279656144,21.788130998611,garbage,2026-03-12 07:47:59
120521,38.2987043,21.7879449,garbage,2026-03-12 07:50:12
120523,38.3010638,21.7852241,garbage,2026-03-12 07:53:14
120524,38.301344448359,21.786661148071,garbage,2026-03-12 07:54:59
120525,38.300721396691,21.782412528992,garbage,2026-03-12 07:59:50
120528,38.2378036,21.7349518,garbage,2026-03-12 08:10:34
120529,38.2463206,21.7305595,garbage,2026-03-12 08:35:36
120535,38.2293441,21.7412083,garbage,2026-03-12 09:14:22
120536,38.2293441,21.7412083,garbage,2026-03-12 09:16:19
120537,38.2530789,21.7384631,garbage,2026-03-12 09:16:50
120543,38.25863876574,21.756154338502,garbage,2026-03-12 10:05:12
120544,38.266998837679,21.752216219902,garbage,2026-03-12 10:07:17
120548,38.233637486316,21.742549538612,garbage,2026-03-12 10:39:50
120550,38.2423747,21.748712,garbage,2026-03-12 10:51:40
120552,38.286961150698,21.762299537604,garbage,2026-03-12 10:58:11
120558,38.287687990205,21.76883149667,garbage,2026-03-12 11:50:53
120564,38.237052061626,21.738551259041,garbage,2026-03-12 14:38:07
120565,38.241079129248,21.740790009499,garbage,2026-03-12 14:39:14
120580,38.242935047043,21.742218722575,garbage,2026-03-12 18:57:24
120586,38.240297,21.7487223,garbage,2026-03-12 21:02:57
120587,38.2915788,21.7715456,garbage,2026-03-12 21:14:17
120589,38.2926801822,21.80123090744,garbage,2026-03-13 05:13:56
120591,38.301748587121,21.79586648941,garbage,2026-03-13 05:18:09
120592,38.307439968887,21.790137290955,garbage,2026-03-13 05:20:32
120594,38.2329335,21.7411082,garbage,2026-03-13 06:54:07
120595,38.2336847,21.7409983,garbage,2026-03-13 06:57:03
120599,38.2378698,21.7411811,garbage,2026-03-13 07:56:30
120600,38.3062077,21.7780897,garbage,2026-03-13 08:38:50
120601,38.227302554373,21.751541693142,garbage,2026-03-13 08:47:38
120602,38.215095784476,21.75222158432,garbage,2026-03-13 09:03:33
120603,38.3062077,21.7780897,garbage,2026-03-13 09:09:09
120604,38.312937284932,21.825885772705,garbage,2026-03-13 09:22:03
120607,38.2524853,21.741424,garbage,2026-03-13 09:32:11
120608,38.155691356677,21.646692752838,garbage,2026-03-13 09:41:59
120609,38.1554236,21.6474748,garbage,2026-03-13 09:43:22
120610,38.2289027,21.7403455,garbage,2026-03-13 09:43:30
120611,38.300593523093,21.798934936523,garbage,2026-03-13 09:52:33
120612,38.2340203,21.7383126,garbage,2026-03-13 09:53:27
120613,38.2162328,21.7501362,garbage,2026-03-13 10:19:55
120617,38.2354652,21.7621881,garbage,2026-03-13 11:50:47
120618,38.236291774065,21.76283559582,garbage,2026-03-13 11:54:28
120619,38.235921260103,21.763135159743,garbage,2026-03-13 11:57:12
120620,38.306599235133,21.794545662498,garbage,2026-03-13 12:25:53
120623,38.2287637,21.7461011,garbage,2026-03-13 13:53:17
120625,38.322636392395,21.839200258255,garbage,2026-03-13 14:14:02
120626,38.2628283,21.7558178,garbage,2026-03-13 15:33:57
120627,38.2628261,21.755824,garbage,2026-03-13 15:34:50
120632,38.174313826557,21.720342315563,garbage,2026-03-13 18:24:30
120644,38.2457303,21.7426751,garbage,2026-03-14 05:05:30
120648,38.263200861222,21.749688766631,garbage,2026-03-14 07:16:19
120650,38.232776975815,21.738148473124,garbage,2026-03-14 08:24:23
120651,38.261904731571,21.748361971529,garbage,2026-03-14 08:43:01
120652,38.261854186487,21.748447802218,garbage,2026-03-14 08:45:13
120653,38.3088322,21.80908,garbage,2026-03-14 09:10:12
120654,38.315825471351,21.821020245552,garbage,2026-03-14 09:14:41
120655,38.237434489807,21.73712594657,garbage,2026-03-14 09:15:18
120656,38.317743938007,21.817774772644,garbage,2026-03-14 09:16:33
120657,38.316910583162,21.817903518677,garbage,2026-03-14 09:18:25
120658,38.317836532398,21.817688941956,garbage,2026-03-14 09:20:59
120660,38.221574261187,21.732247168018,garbage,2026-03-14 09:24:23
120666,38.228886744455,21.738802556827,garbage,2026-03-14 10:03:59
120667,38.281629873564,21.770960220077,garbage,2026-03-14 10:06:49
120681,38.259744903475,21.745925002811,garbage,2026-03-14 11:08:08
120686,38.227590940615,21.744024753571,garbage,2026-03-14 12:46:35
120687,38.2277974296,21.744094491005,garbage,2026-03-14 12:49:08
120688,38.227536157725,21.746047139168,garbage,2026-03-14 12:52:23
120690,38.2371058,21.7271754,garbage,2026-03-14 14:37:23
120693,38.175255331224,21.676901458715,garbage,2026-03-14 16:24:57
120694,38.175244366809,21.676917319359,garbage,2026-03-14 16:28:17
120696,38.219264872669,21.751170217997,garbage,2026-03-14 16:39:50
120698,38.224527249466,21.749217510223,garbage,2026-03-14 16:49:12
120710,38.29493395198,21.788181066513,garbage,2026-03-15 08:00:15
120716,38.257546521331,21.751502752304,garbage,2026-03-15 09:41:43
120718,38.2699451,21.7492932,garbage,2026-03-15 10:06:15
120719,38.2417186,21.7486304,garbage,2026-03-15 10:23:28
120720,38.3132161,21.8065672,garbage,2026-03-15 10:23:53
120721,38.2294874,21.7517885,garbage,2026-03-15 10:30:37
120722,38.2395282,21.7528571,garbage,2026-03-15 10:52:56
120723,38.215689,21.75301,garbage,2026-03-15 11:09:12
120724,38.183485796713,21.726428092978,garbage,2026-03-15 12:37:57
120725,38.2443311,21.7394689,garbage,2026-03-15 12:44:56
120726,38.2443311,21.7394689,garbage,2026-03-15 12:47:21
120727,38.23187230657,21.740639805794,garbage,2026-03-15 12:50:14
120728,38.232875188539,21.739427447319,garbage,2026-03-15 12:53:13
120731,38.209189997764,21.771984100342,garbage,2026-03-15 13:19:39
120734,38.245334891141,21.729467296512,garbage,2026-03-15 13:53:08
120735,38.266000440897,21.751486456393,garbage,2026-03-15 14:16:46
120738,38.2539257,21.743657,garbage,2026-03-15 16:57:07
120740,38.278319117805,21.746836216215,garbage,2026-03-15 17:54:15
120745,38.268444022671,21.747951507568,garbage,2026-03-16 04:05:24
120746,38.2453627,21.7405159,garbage,2026-03-16 05:04:16
120747,38.270271049231,21.744840145111,garbage,2026-03-16 05:51:07
120748,38.2696555,21.7446708,garbage,2026-03-16 05:53:55
120749,38.224688888991,21.759708125599,garbage,2026-03-16 06:33:42
120751,38.268734494743,21.741069154677,garbage,2026-03-16 06:52:27
120754,38.2365661,21.7331615,garbage,2026-03-16 07:05:16
120759,38.2664059,21.744066,garbage,2026-03-16 07:18:40
120761,38.268552,21.7475729,garbage,2026-03-16 07:22:42
120762,38.2186134,21.7562805,garbage,2026-03-16 07:30:36
120763,38.242751,21.7393988,garbage,2026-03-16 07:37:09
120764,38.2376552,21.7474043,garbage,2026-03-16 07:42:46
120765,38.2312116,21.7532059,garbage,2026-03-16 07:44:52
120766,38.2281936,21.7501272,garbage,2026-03-16 07:46:17
120767,38.2376552,21.7474043,garbage,2026-03-16 07:47:23
120768,38.224660951483,21.762022175062,garbage,2026-03-16 07:47:29
120769,38.1910246,21.804829,garbage,2026-03-16 07:50:33
120770,38.244178665964,21.753640604654,garbage,2026-03-16 07:51:34
120771,38.2596507,21.7445199,garbage,2026-03-16 07:51:55
120772,38.231488848044,21.741782426834,garbage,2026-03-16 07:55:10
120773,38.2539139,21.7415308,garbage,2026-03-16 07:57:03
120774,38.2380077,21.7390695,garbage,2026-03-16 07:58:00
120775,38.2566429,21.7450956,garbage,2026-03-16 08:00:15
120776,38.2435799,21.744639,garbage,2026-03-16 08:00:57
120777,38.2626488,21.7473931,garbage,2026-03-16 08:02:39
120778,38.234733433281,21.740055084229,garbage,2026-03-16 08:02:41
120779,38.235635149445,21.740151643753,garbage,2026-03-16 08:04:26
120780,38.2642167,21.7436734,garbage,2026-03-16 08:05:14
120781,38.236520000232,21.739894151688,garbage,2026-03-16 08:06:15
120782,38.2668643,21.7455095,garbage,2026-03-16 08:08:37
120783,38.237076186644,21.738697886467,garbage,2026-03-16 08:08:41
120784,38.2497743,21.7402446,garbage,2026-03-16 08:10:16
120785,38.267247,21.7462225,garbage,2026-03-16 08:10:19
120786,38.237070041888,21.73794731495,garbage,2026-03-16 08:10:22
120787,38.2525923,21.7431831,garbage,2026-03-16 08:10:58
120788,38.2668603,21.7423736,garbage,2026-03-16 08:11:42
120789,38.2517416,21.7446685,garbage,2026-03-16 08:11:51
120790,38.237902031347,21.737941503525,garbage,2026-03-16 08:12:50
120791,38.252923,21.7417544,garbage,2026-03-16 08:12:59
120792,38.2710765,21.743123,garbage,2026-03-16 08:13:06
120794,38.2621077,21.7491632,garbage,2026-03-16 08:14:05
120795,38.2715503,21.7452606,garbage,2026-03-16 08:14:32
120796,38.2587727,21.7398632,garbage,2026-03-16 08:14:58
120797,38.238778427711,21.737346053123,garbage,2026-03-16 08:15:19
120798,38.2668643,21.7455095,garbage,2026-03-16 08:15:38
120799,38.270684619058,21.748874187469,garbage,2026-03-16 08:16:06
120800,38.2664059,21.744066,garbage,2026-03-16 08:16:36
120801,38.2570653,21.7516185,garbage,2026-03-16 08:17:17
120802,38.2581663,21.7522958,garbage,2026-03-16 08:18:06
120803,38.2585494,21.755789,garbage,2026-03-16 08:32:25
120804,38.2578992,21.7505986,garbage,2026-03-16 08:33:05
120805,38.2634741,21.7565177,garbage,2026-03-16 08:33:40
120806,38.2672839,21.7574948,garbage,2026-03-16 08:34:24
120807,38.2552867,21.7459972,garbage,2026-03-16 08:35:18
120808,38.2590036,21.7411859,garbage,2026-03-16 08:37:02
120809,38.2553909,21.7411325,garbage,2026-03-16 08:38:41
120810,38.2559619,21.7411425,garbage,2026-03-16 08:39:32
120811,38.2562109,21.7400616,garbage,2026-03-16 08:40:24
120812,38.2559619,21.7411425,garbage,2026-03-16 08:41:01
120813,38.2558756,21.7388019,garbage,2026-03-16 08:41:47
120814,38.2587727,21.7398632,garbage,2026-03-16 08:42:49
120816,38.259655,21.7414475,garbage,2026-03-16 08:49:33
120817,38.259655,21.7414475,garbage,2026-03-16 08:49:39
120818,38.2582112,21.7466996,garbage,2026-03-16 08:50:26
120819,38.2990751,21.7785458,garbage,2026-03-16 08:54:03
120820,38.298120466542,21.777820587158,garbage,2026-03-16 08:56:58
120821,38.2618544,21.7483956,garbage,2026-03-16 08:58:13
120822,38.300743235163,21.781377196312,garbage,2026-03-16 09:00:33
120823,38.2339194,21.7542766,garbage,2026-03-16 09:04:22
120824,38.2887253,21.7697483,garbage,2026-03-16 09:05:18
120825,38.2283971,21.7324683,garbage,2026-03-16 09:05:52
120830,38.2719742,21.7662245,garbage,2026-03-16 09:36:12
120831,38.2305892,21.7496913,garbage,2026-03-16 09:45:39
120832,38.240643,21.7491426,garbage,2026-03-16 09:57:45
120833,38.2580883,21.7416468,garbage,2026-03-16 10:07:36
120836,38.271846240524,21.761705875397,garbage,2026-03-16 10:57:13
120839,38.2508994,21.7451215,garbage,2026-03-16 11:37:42
120840,38.2430766,21.7483775,garbage,2026-03-16 11:42:22
120843,38.2349591,21.7342248,garbage,2026-03-16 13:34:41
120848,38.226549496641,21.729289531709,garbage,2026-03-16 16:26:37
120849,38.2296062,21.7499201,garbage,2026-03-16 16:40:55
120850,38.288270268958,21.769917152634,garbage,2026-03-16 16:43:42
120853,38.255388219429,21.754383213465,garbage,2026-03-16 19:13:15
120858,38.205817813463,21.738461852074,garbage,2026-03-16 20:25:06
120859,38.266382039242,21.74891140312,garbage,2026-03-16 20:26:26
120861,38.28169627491,21.770925372821,garbage,2026-03-16 21:02:13
120865,38.240953463657,21.735237836838,garbage,2026-03-17 04:05:24
120866,38.234622525907,21.73522213218,garbage,2026-03-17 04:54:49
120867,38.236973892982,21.739928973505,garbage,2026-03-17 04:57:47
120868,38.2326747,21.7371409,garbage,2026-03-17 04:58:52
120869,38.232768701359,21.737877398506,garbage,2026-03-17 05:01:38
120870,38.2329793,21.7419853,garbage,2026-03-17 05:03:12
120871,38.233704241837,21.742568445841,garbage,2026-03-17 05:03:58
120872,38.239257484708,21.73605597982,garbage,2026-03-17 05:04:51
120873,38.237917761834,21.734684966784,garbage,2026-03-17 05:05:33
120874,38.2140981,21.7561335,garbage,2026-03-17 05:10:15
120875,38.238659357287,21.735973731366,garbage,2026-03-17 05:12:24
120876,38.24377486707,21.726802175587,garbage,2026-03-17 05:13:22
120877,38.24257,21.7372439,garbage,2026-03-17 05:14:02
120878,38.24024366389,21.737535942802,garbage,2026-03-17 05:15:04
120879,38.239957188016,21.743439777408,garbage,2026-03-17 05:15:48
120880,38.240193098636,21.742859937865,garbage,2026-03-17 05:16:27
120881,38.240454284501,21.742344524938,garbage,2026-03-17 05:18:18
120882,38.241229471378,21.736549274014,garbage,2026-03-17 05:19:08
120883,38.247498794665,21.741454388875,garbage,2026-03-17 05:20:00
120884,38.2509025,21.7449638,garbage,2026-03-17 05:20:33
120885,38.252854,21.7385535,garbage,2026-03-17 05:21:03
120886,38.252562189609,21.740292610475,garbage,2026-03-17 05:21:35
120888,38.252490937111,21.74101959536,garbage,2026-03-17 06:03:16
120890,38.2667614,21.7414186,garbage,2026-03-17 06:49:23
120891,38.2336827,21.740381,garbage,2026-03-17 06:51:10
120892,38.22579,21.745746,garbage,2026-03-17 06:53:55
120897,38.2393907,21.7398037,garbage,2026-03-17 07:20:52
120899,38.25051106188,21.736638006974,garbage,2026-03-17 07:23:28
120900,38.2399011,21.7399503,garbage,2026-03-17 07:29:30
120901,38.2406656,21.749424,garbage,2026-03-17 07:30:22
120902,38.2289717,21.7287222,garbage,2026-03-17 07:41:31
120903,38.2263422,21.7455479,garbage,2026-03-17 07:42:36
120904,38.23482,21.7308079,garbage,2026-03-17 07:43:24
120906,38.2725611,21.7449898,garbage,2026-03-17 07:48:32
120910,38.2067082,21.7113697,garbage,2026-03-17 08:21:02
120913,38.2999392,21.7750575,garbage,2026-03-17 08:48:52
120914,38.297185056119,21.7789041996,garbage,2026-03-17 08:50:56
120915,38.294244815554,21.781725883484,garbage,2026-03-17 08:52:38
120916,38.2328437,21.7307013,garbage,2026-03-17 08:56:21
120919,38.2579652,21.7407544,garbage,2026-03-17 09:06:28
120920,38.271080385283,21.757564544678,garbage,2026-03-17 09:11:48
120922,38.206085142056,21.732192155603,garbage,2026-03-17 09:22:18
120923,38.225622944754,21.765257120132,garbage,2026-03-17 09:22:20
120926,38.2311555,21.7293588,garbage,2026-03-17 09:27:46
120930,38.234986708801,21.740173101425,garbage,2026-03-17 09:31:01
120931,38.2698329,21.742107,garbage,2026-03-17 09:40:27
120932,38.2323819,21.7639675,garbage,2026-03-17 09:43:36
120933,38.233685,21.7328645,garbage,2026-03-17 09:49:35
120938,38.2524853,21.741424,garbage,2026-03-17 10:35:06
120943,38.2345744,21.7279517,garbage,2026-03-17 11:08:50
120946,38.2655147,21.7560577,garbage,2026-03-17 11:22:24
120950,38.269222427565,21.742765362977,garbage,2026-03-17 12:08:45
120952,38.290356,21.769294,garbage,2026-03-17 14:14:44
120953,38.232671,21.7378666,garbage,2026-03-17 15:17:43
120959,38.265106871077,21.744410991669,garbage,2026-03-17 17:46:44
120960,38.215730746839,21.756777967052,garbage,2026-03-17 17:51:28
120961,38.232820409629,21.738046786417,garbage,2026-03-17 18:07:10
120966,38.2559551,21.7412871,garbage,2026-03-18 06:27:52
120967,38.242771440479,21.737118011451,garbage,2026-03-18 06:34:15
120968,38.2421411,21.7423272,garbage,2026-03-18 06:38:25
120970,38.2608639,21.7555455,garbage,2026-03-18 07:13:57
120973,38.268190387134,21.74326972266,garbage,2026-03-18 07:24:23
120974,38.2539757,21.7442809,garbage,2026-03-18 07:34:53
120976,38.233200027561,21.75143301487,garbage,2026-03-18 08:05:55
120982,38.225590059497,21.740398406982,garbage,2026-03-18 08:36:27
120983,38.2256957,21.7432568,garbage,2026-03-18 08:47:39
120984,38.2256392,21.7320087,garbage,2026-03-18 08:54:30
120986,38.289690812437,21.771919727325,garbage,2026-03-18 09:33:54
120987,38.290777104706,21.773518323898,garbage,2026-03-18 09:37:52
120988,38.2919391,21.7719824,garbage,2026-03-18 09:39:14
120989,38.290036069882,21.772520542145,garbage,2026-03-18 09:40:51
120994,38.269816459672,21.749898791313,garbage,2026-03-18 09:50:28
120998,38.292146262425,21.781505942345,garbage,2026-03-18 09:54:39
120999,38.3037438,21.7786893,garbage,2026-03-18 09:57:44
121002,38.27709294878,21.760854956312,garbage,2026-03-18 10:24:23
121004,38.2549635,21.7442811,garbage,2026-03-18 10:59:49
121006,38.228075365334,21.779122974469,garbage,2026-03-18 12:01:32
121014,38.2259748,21.728111,garbage,2026-03-18 16:37:04
121015,38.242994769854,21.732449370319,garbage,2026-03-18 17:03:42
121017,38.263824290652,21.750118732452,garbage,2026-03-18 17:17:57
121020,38.259661522562,21.746700838066,garbage,2026-03-18 17:22:13
121021,38.264020196977,21.750119622866,garbage,2026-03-18 17:26:59
121023,38.2251178,21.7468782,garbage,2026-03-18 18:30:11
121029,38.2426547,21.7370419,garbage,2026-03-18 20:10:47
121030,38.32789034507,21.872976466742,garbage,2026-03-18 21:49:38
121032,38.2329888,21.7523978,garbage,2026-03-19 06:14:09
121034,38.2267194,21.7678132,garbage,2026-03-19 06:50:23
121035,38.2492298,21.7383112,garbage,2026-03-19 06:58:19
121036,38.1896337,21.7266927,garbage,2026-03-19 07:00:22
121040,38.2871575,21.7682435,garbage,2026-03-19 07:06:08
121042,38.236791,21.7514492,garbage,2026-03-19 07:14:25
121045,38.2416795,21.72883,garbage,2026-03-19 07:40:50
121046,38.2725611,21.7449898,garbage,2026-03-19 07:50:17
121049,38.2725611,21.7449898,garbage,2026-03-19 08:03:14
121050,38.2337993,21.7427192,garbage,2026-03-19 08:05:50
121051,38.290472376103,21.775245666504,garbage,2026-03-19 08:12:50
121052,38.290974467109,21.775717735291,garbage,2026-03-19 08:18:26
121053,38.290692896584,21.773765087128,garbage,2026-03-19 08:21:23
121054,38.2963203,21.7779425,garbage,2026-03-19 08:23:17
121055,38.2997582,21.7818507,garbage,2026-03-19 08:24:44
121057,38.2335717,21.7335024,garbage,2026-03-19 08:44:21
121058,38.236692,21.7281751,garbage,2026-03-19 08:47:12
121059,38.2175728,21.7389433,garbage,2026-03-19 08:49:03
121061,38.2128882,21.7873548,garbage,2026-03-19 09:06:02
121062,38.2231386,21.7274026,garbage,2026-03-19 09:08:45
121063,38.2118983,21.7191519,garbage,2026-03-19 09:12:07
121065,38.2317826,21.7430484,garbage,2026-03-19 09:15:26
121068,38.2274301,21.7350619,garbage,2026-03-19 09:44:46
121072,38.2323622,21.7273612,garbage,2026-03-19 10:05:21
121073,38.3224144,21.8516488,garbage,2026-03-19 10:06:08
121075,38.2729654,21.7549647,garbage,2026-03-19 10:15:25
121076,38.287214650493,21.775295836982,garbage,2026-03-19 10:32:18
121078,38.2334516,21.7504928,garbage,2026-03-19 11:00:18
121079,38.190092349854,21.699306964874,garbage,2026-03-19 11:35:14
121082,38.237886555992,21.777851556348,garbage,2026-03-19 11:42:26
121083,38.268412840893,21.747999787331,garbage,2026-03-19 12:22:10
121092,38.228977432559,21.73171042191,garbage,2026-03-19 13:11:43
121094,38.253268393214,21.739873267979,garbage,2026-03-19 14:55:16
121096,38.227277732512,21.748228669167,garbage,2026-03-19 16:59:50
121099,38.2594157,21.7460987,garbage,2026-03-19 17:39:15
121105,38.21775541077,21.752986284118,garbage,2026-03-20 05:20:00
121106,38.218917413753,21.753854707535,garbage,2026-03-20 05:21:39
121108,38.2576899,21.747296,garbage,2026-03-20 06:50:18
121110,38.2585978,21.7426649,garbage,2026-03-20 06:57:54
121111,38.2585978,21.7426649,garbage,2026-03-20 07:04:24
121114,38.2223484,21.7476634,garbage,2026-03-20 07:47:17
121115,38.2651664,21.7517359,garbage,2026-03-20 07:50:12
121117,38.2725611,21.7449898,garbage,2026-03-20 07:52:13
121118,38.216929169779,21.747028827667,garbage,2026-03-20 07:53:31
121119,38.2143318,21.7526909,garbage,2026-03-20 07:56:17
121120,38.2675353,21.7478091,garbage,2026-03-20 08:00:41
121121,38.2277182,21.7637382,garbage,2026-03-20 08:03:39
121122,38.2353811,21.7276388,garbage,2026-03-20 08:11:56
121123,38.172993,21.6760551,garbage,2026-03-20 08:17:24
121125,38.1664827,21.7149429,garbage,2026-03-20 08:48:25
121128,38.2947417,21.7849664,garbage,2026-03-20 09:05:38
121129,38.2988676,21.7799776,garbage,2026-03-20 09:07:16
121131,38.2433547,21.749563,garbage,2026-03-20 09:08:53
121132,38.293514645525,21.782977298138,garbage,2026-03-20 09:09:06
121133,38.267571307564,21.768545218129,garbage,2026-03-20 09:55:00
121134,38.2277182,21.7637382,garbage,2026-03-20 10:06:13
121136,38.2262054,21.7312506,garbage,2026-03-20 11:03:40
121146,38.268353258336,21.748077513027,garbage,2026-03-20 14:35:30
121147,38.219226461468,21.75470742454,garbage,2026-03-20 15:32:10
121150,38.248735325823,21.737143069029,garbage,2026-03-20 16:49:50
121167,38.2353811,21.7276388,garbage,2026-03-21 06:06:02
121168,38.3254292,21.8470885,garbage,2026-03-21 08:33:01
121169,38.309800898297,21.810865402222,garbage,2026-03-21 08:40:46
121170,38.311117344837,21.809406280518,garbage,2026-03-21 08:47:02
121172,38.311992858002,21.807432174683,garbage,2026-03-21 08:49:56
121174,38.234027,21.7365697,garbage,2026-03-21 09:56:41
121179,38.217375181617,21.728718499356,garbage,2026-03-21 14:37:41
121184,38.2265441324,21.765194860575,garbage,2026-03-21 16:56:00
121192,38.2428153,21.7522656,garbage,2026-03-22 08:53:47
121194,38.187478036675,21.763027068618,garbage,2026-03-22 09:27:32
121195,38.2259315,21.7434903,garbage,2026-03-22 09:39:53
121196,38.290222762987,21.766785979271,garbage,2026-03-22 09:40:58
121200,38.239072079653,21.734103255713,garbage,2026-03-22 12:00:47
121201,38.21040675591,21.788358092308,garbage,2026-03-22 12:21:14
121202,38.26641530602,21.744094491005,garbage,2026-03-22 12:23:57
121206,38.282377083444,21.77419600967,garbage,2026-03-22 17:00:11
121213,38.26820603721,21.741167399966,garbage,2026-03-22 18:54:12
121217,38.200576822037,21.740873016075,garbage,2026-03-22 21:58:22
121218,38.28502510348,21.761566400528,garbage,2026-03-22 22:56:25
121220,38.2694076,21.7580658,garbage,2026-03-23 06:02:56
121221,38.2654642,21.7510269,garbage,2026-03-23 06:16:52
121226,38.2332515,21.7292996,garbage,2026-03-23 06:42:27
121230,38.2674227,21.7398991,garbage,2026-03-23 06:57:31
121231,38.250562,21.7442749,garbage,2026-03-23 07:05:20
121232,38.2403068,21.7374832,garbage,2026-03-23 07:16:44
121233,38.2271053,21.7519473,garbage,2026-03-23 07:21:21
121235,38.3254292,21.8470885,garbage,2026-03-23 07:28:11
121240,38.2571547,21.746957,garbage,2026-03-23 07:58:11
121242,38.2323231,21.7346057,garbage,2026-03-23 08:08:20
121245,38.2595697,21.7581866,garbage,2026-03-23 08:31:00
121246,38.231011217271,21.732514041279,garbage,2026-03-23 08:32:40
121251,38.2785105,21.760025,garbage,2026-03-23 08:48:32
121252,38.1475899,21.620222,garbage,2026-03-23 08:53:00
121253,38.2660381,21.7467489,garbage,2026-03-23 08:54:04
121256,38.2674377,21.7535076,garbage,2026-03-23 09:01:48
121257,38.302197442026,21.781144233128,garbage,2026-03-23 09:02:16
121258,38.220107648075,21.743362178596,garbage,2026-03-23 09:02:28
121259,38.227806523784,21.763197183609,garbage,2026-03-23 09:04:57
121260,38.217705459315,21.737213463859,garbage,2026-03-23 09:05:18
121261,38.217275477715,21.739671503732,garbage,2026-03-23 09:07:57
121264,38.2290955,21.7541157,garbage,2026-03-23 09:19:53
121265,38.2235311,21.7282442,garbage,2026-03-23 09:27:36
121266,38.284938618926,21.761630780888,garbage,2026-03-23 09:28:12
121270,38.301209734938,21.794943809509,garbage,2026-03-23 10:10:35
121271,38.301622294,21.793763637543,garbage,2026-03-23 10:12:06
121272,38.301613874451,21.795909404755,garbage,2026-03-23 10:13:24
121273,38.3060974,21.791382,garbage,2026-03-23 10:15:20
121275,38.2405089,21.7395763,garbage,2026-03-23 10:27:51
121276,38.2492298,21.7383112,garbage,2026-03-23 10:32:57
121277,38.256358,21.7543311,garbage,2026-03-23 10:36:33
121278,38.256358,21.7543311,garbage,2026-03-23 10:37:26
121280,38.258299,21.752794,garbage,2026-03-23 10:47:50
121282,38.2155969,21.7464121,garbage,2026-03-23 11:13:06
121289,38.228589241402,21.746033467332,garbage,2026-03-23 11:50:32
121292,38.2654099,21.7498688,garbage,2026-03-23 12:51:17
121293,38.2597709,21.7599393,garbage,2026-03-23 13:33:02
121295,38.261016636338,21.757682974518,garbage,2026-03-23 15:06:44
121296,38.260883464319,21.757505948723,garbage,2026-03-23 15:08:57
121302,38.226982619776,21.764051463538,garbage,2026-03-23 20:43:50
121308,38.2494245,21.7384982,garbage,2026-03-24 06:38:20
121309,38.2128882,21.7873548,garbage,2026-03-24 06:49:28
121310,38.2080815,21.7269953,garbage,2026-03-24 06:58:29
121313,38.2296419,21.7303795,garbage,2026-03-24 07:28:20
121314,38.2357732,21.745964,garbage,2026-03-24 07:30:28
121315,38.28494704041,21.764838695526,garbage,2026-03-24 07:36:51
121319,38.2165759,21.7521483,garbage,2026-03-24 07:44:36
121322,38.199878896881,21.701956987381,garbage,2026-03-24 07:47:57
121323,38.2964567,21.7888055,garbage,2026-03-24 07:48:07
121324,38.1941146,21.7120504,garbage,2026-03-24 08:04:36
121326,38.2521593,21.7468864,garbage,2026-03-24 08:09:28
121328,38.1594845,21.667143,garbage,2026-03-24 08:11:25
121330,38.2124818,21.7463458,garbage,2026-03-24 08:22:37
121331,38.2124818,21.7463458,garbage,2026-03-24 08:22:37
121332,38.2124818,21.7463458,garbage,2026-03-24 08:22:38
121335,38.3130039,21.8170067,garbage,2026-03-24 08:42:58
121336,38.2643566,21.7430245,garbage,2026-03-24 08:46:33
121343,38.224812366103,21.759803386436,garbage,2026-03-24 09:10:38
121344,38.2703797,21.7640868,garbage,2026-03-24 09:30:38
121345,38.302485,21.7754304,garbage,2026-03-24 09:40:14
121346,38.295509444095,21.785405874252,garbage,2026-03-24 09:43:06
121347,38.2421253,21.754632,garbage,2026-03-24 09:43:42
121351,38.2318858,21.7430922,garbage,2026-03-24 10:19:22
121356,38.2358253,21.7597479,garbage,2026-03-24 11:00:07
121357,38.2681147,21.7502633,garbage,2026-03-24 11:09:51
121359,38.2260008,21.7386462,garbage,2026-03-24 11:35:27
121362,38.286368947118,21.765214204788,garbage,2026-03-24 12:12:35
121368,38.22381841012,21.791078193178,garbage,2026-03-24 15:25:56
121370,38.259664152236,21.746760606766,garbage,2026-03-24 16:41:57
121372,38.215520265379,21.741048853596,garbage,2026-03-24 16:43:55
121373,38.259657579273,21.74671136595,garbage,2026-03-24 16:43:58
121374,38.242178155794,21.742039918858,garbage,2026-03-24 17:25:45
121375,38.30866617469,21.802609562874,garbage,2026-03-24 17:28:46
121383,38.215322957303,21.727089285851,garbage,2026-03-25 07:42:57
121384,38.198949942233,21.762470256137,garbage,2026-03-25 08:47:54
121385,38.273928655727,21.752664148808,garbage,2026-03-25 08:50:59
121387,38.2294381,21.7631052,garbage,2026-03-25 09:54:29
121388,38.184257716827,21.688308140791,garbage,2026-03-25 10:10:12
121390,38.283209386806,21.763014793396,garbage,2026-03-25 14:14:36
121392,38.2552348,21.7412043,garbage,2026-03-25 15:42:27
121401,38.234322015771,21.743102924073,garbage,2026-03-25 19:41:11
121408,38.2562262,21.739798,garbage,2026-03-26 05:42:49
121409,38.154646224482,21.630922019846,garbage,2026-03-26 05:59:59
121411,38.2381495,21.7359688,garbage,2026-03-26 06:31:57
121413,38.2671305,21.7601442,garbage,2026-03-26 06:40:31
121414,38.2259235,21.7248365,garbage,2026-03-26 06:47:33
121416,38.287511972986,21.769033670425,garbage,2026-03-26 07:10:39
121419,38.270687,21.7476596,garbage,2026-03-26 07:24:59
121424,38.2416795,21.72883,garbage,2026-03-26 08:09:54
121426,38.2652952,21.7419427,garbage,2026-03-26 08:41:07
121427,38.2682593,21.7495286,garbage,2026-03-26 08:48:12
121430,38.2282074,21.7399832,garbage,2026-03-26 09:04:26
121431,38.2282074,21.7399832,garbage,2026-03-26 09:04:27
121435,38.2874579,21.7686922,garbage,2026-03-26 09:45:41
121436,38.221210217131,21.75979326077,garbage,2026-03-26 10:23:37
121437,38.2672614,21.7492554,garbage,2026-03-26 10:25:04
121444,38.233778083894,21.745258644774,garbage,2026-03-26 11:32:08
121448,38.272134493904,21.754260063171,garbage,2026-03-26 12:05:04
121451,38.217847722582,21.743001092961,garbage,2026-03-26 14:21:03
121453,38.262366030903,21.741310203752,garbage,2026-03-26 16:02:32
121454,38.269952724775,21.742128973602,garbage,2026-03-26 16:25:58
121462,38.242205150958,21.7551103278,garbage,2026-03-27 01:10:08
121463,38.2545632,21.7387399,garbage,2026-03-27 06:07:35
121464,38.2544137,21.739347,garbage,2026-03-27 06:08:53
121465,38.2680887,21.7522048,garbage,2026-03-27 07:01:56
121466,38.2663962,21.7422234,garbage,2026-03-27 07:19:54
121468,38.285564426203,21.774934530258,garbage,2026-03-27 07:27:24
121469,38.2918429,21.7695035,garbage,2026-03-27 07:28:58
121472,38.292629658663,21.769934892654,garbage,2026-03-27 07:30:42
121473,38.293278041376,21.770117282867,garbage,2026-03-27 07:32:20
121474,38.294126929789,21.770846843719,garbage,2026-03-27 07:34:54
121475,38.177091634369,21.819739101906,garbage,2026-03-27 07:38:26
121479,38.3000101,21.8030535,garbage,2026-03-27 08:12:23
121480,38.27224986529,21.743949651718,garbage,2026-03-27 08:16:27
121488,38.2378432,21.7357631,garbage,2026-03-27 09:19:29
121489,38.2420145,21.7314635,garbage,2026-03-27 09:21:40
121490,38.2673042,21.7476539,garbage,2026-03-27 09:24:08
121492,38.2373832,21.7329408,garbage,2026-03-27 10:50:27
121493,38.25341541228,21.739760452445,garbage,2026-03-27 11:37:29
121496,38.2376318,21.7335673,garbage,2026-03-27 12:56:16
121497,38.2389849,21.7405068,garbage,2026-03-27 13:56:13
121506,38.2656329,21.7549534,garbage,2026-03-27 21:49:19
121508,38.2267194,21.7678132,garbage,2026-03-27 22:40:33
121510,38.2294874,21.7517885,garbage,2026-03-28 07:30:52
121511,38.253376517128,21.73974544042,garbage,2026-03-28 07:36:10
121512,38.316370265274,21.815414428711,garbage,2026-03-28 07:45:09
121513,38.3169039,21.8179948,garbage,2026-03-28 07:46:46
121514,38.3154288,21.8162867,garbage,2026-03-28 07:49:51
121515,38.312430610621,21.808354854584,garbage,2026-03-28 07:54:50
121519,38.3036275,21.7826092,garbage,2026-03-28 08:54:19
121520,38.301274,21.7852678,garbage,2026-03-28 08:55:49
121521,38.3019603,21.7809193,garbage,2026-03-28 08:58:35
121523,38.301065022977,21.7853307724,garbage,2026-03-28 09:01:05
121524,38.300249894574,21.789343357086,garbage,2026-03-28 09:02:34
121525,38.300761916261,21.78633928299,garbage,2026-03-28 09:04:31
121526,38.304097599099,21.782723665237,garbage,2026-03-28 09:18:39
121528,38.264384660239,21.767924775713,garbage,2026-03-28 12:48:53
121529,38.2711467,21.7423062,garbage,2026-03-28 12:54:34
121531,38.193661733161,21.697426736355,garbage,2026-03-28 13:42:21
121532,38.2288911,21.762485,garbage,2026-03-28 13:51:05
121533,38.229940502102,21.741939303544,garbage,2026-03-28 13:59:40
121535,38.2242269,21.7593898,garbage,2026-03-28 14:20:47
121538,38.285205579603,21.76528072357,garbage,2026-03-28 20:39:52
121539,38.240312,21.7309217,garbage,2026-03-29 06:38:29
121542,38.196001684379,21.742960591067,garbage,2026-03-29 09:55:46
121543,38.2334259,21.731914,garbage,2026-03-29 10:23:56
121547,38.240297,21.7487223,garbage,2026-03-29 12:52:21
121548,38.237996242275,21.734853117041,garbage,2026-03-29 13:19:48
121550,38.239481225018,21.735959813048,garbage,2026-03-29 13:23:40
121557,38.239655656237,21.752952743929,garbage,2026-03-29 19:18:28
121560,38.216925026557,21.755891258896,garbage,2026-03-29 20:17:45
121561,38.278608071122,21.763449311256,garbage,2026-03-30 04:33:50
121566,38.3007633,21.7864608,garbage,2026-03-30 06:08:08
121568,38.2552287,21.7394015,garbage,2026-03-30 06:17:00
121569,38.2404612,21.7302108,garbage,2026-03-30 06:17:53
121571,38.2403068,21.7374832,garbage,2026-03-30 06:34:53
121572,38.2536776,21.741536,garbage,2026-03-30 06:37:55
121575,38.2619303,21.7404088,garbage,2026-03-30 07:01:00
121576,38.319150830947,21.815695866886,garbage,2026-03-30 07:01:19
121577,38.2257802,21.7620499,garbage,2026-03-30 07:07:45
121578,38.2347744,21.7324884,garbage,2026-03-30 07:10:01
121580,38.2386278,21.750387,garbage,2026-03-30 07:14:52
121581,38.281710795345,21.770924040603,garbage,2026-03-30 07:20:00
121583,38.2711798,21.7424837,garbage,2026-03-30 07:30:57
121588,38.2613747,21.7556497,garbage,2026-03-30 08:03:34
121589,38.261857,21.7547807,garbage,2026-03-30 08:05:11
121592,38.2439409,21.7548514,garbage,2026-03-30 08:22:33
121594,38.3093418,21.8082137,garbage,2026-03-30 08:39:01
121595,38.2289457,21.7315736,garbage,2026-03-30 08:40:54
121596,38.318418,21.8161135,garbage,2026-03-30 08:42:30
121597,38.2947466,21.7860925,garbage,2026-03-30 08:52:41
121598,38.2312116,21.7532059,garbage,2026-03-30 08:52:57
121599,38.2351512,21.7525062,garbage,2026-03-30 08:54:07
121600,38.2342107,21.7531084,garbage,2026-03-30 08:55:13
121601,38.280939921339,21.787395318482,garbage,2026-03-30 08:57:33
121602,38.298852399294,21.799805213966,garbage,2026-03-30 09:01:04
121603,38.291484755112,21.781685147853,garbage,2026-03-30 09:03:05
121605,38.2686802,21.7561193,garbage,2026-03-30 09:09:57
121612,38.2329388,21.7392312,garbage,2026-03-30 09:53:43
121614,38.2664059,21.744066,garbage,2026-03-30 10:14:07
121617,38.2381585,21.7422699,garbage,2026-03-30 10:28:53
121619,38.2381585,21.7422699,garbage,2026-03-30 10:44:01
121625,38.21676433166,21.755742192692,garbage,2026-03-30 13:58:08
121626,38.21901315005,21.753853580365,garbage,2026-03-30 13:59:08
121630,38.276208102241,21.75105214119,garbage,2026-03-30 15:55:53
121633,38.248206897184,21.742218422022,garbage,2026-03-30 16:33:19
121637,38.2593419,21.7741427,garbage,2026-03-30 17:16:12
121638,38.248266772319,21.742190806968,garbage,2026-03-30 17:23:21
121640,38.25221902065,21.747180643557,garbage,2026-03-30 17:42:04
121648,38.269731999607,21.744486093521,garbage,2026-03-30 20:23:23
121650,38.307792387694,21.783772125331,garbage,2026-03-31 04:59:55
121651,38.3084067,21.794942,garbage,2026-03-31 05:03:06
121652,38.309768766533,21.789890268661,garbage,2026-03-31 05:09:19
121658,38.2532174,21.7451343,garbage,2026-03-31 06:07:37
121660,38.2326933,21.7416769,garbage,2026-03-31 06:48:00
121661,38.2608639,21.7555455,garbage,2026-03-31 06:55:57
121663,38.2394725,21.7490018,garbage,2026-03-31 07:12:16
121667,38.2354806,21.7330283,garbage,2026-03-31 07:53:20
121669,38.2399562,21.7332743,garbage,2026-03-31 08:04:13
121672,38.2189046,21.7274052,garbage,2026-03-31 09:09:23
121676,38.2792148,21.7696733,garbage,2026-03-31 09:45:45
121678,38.234722446313,21.740143519909,garbage,2026-03-31 10:03:11
121679,38.2297355,21.7657357,garbage,2026-03-31 10:21:56
121684,38.161547633007,21.663408279419,garbage,2026-03-31 12:17:48
121685,38.229415608693,21.736670136452,garbage,2026-03-31 12:19:22
121689,38.225948442943,21.745567015604,garbage,2026-03-31 13:06:18
121698,38.179269053812,21.688594222069,garbage,2026-03-31 19:46:51
121704,38.216894852548,21.730409860611,garbage,2026-04-01 06:11:01
121705,38.2196664,21.7522426,garbage,2026-04-01 06:19:20
121706,38.2482034,21.7422127,garbage,2026-04-01 06:50:30
121710,38.2709478,21.7491048,garbage,2026-04-01 07:27:11
121713,38.2524789,21.7382688,garbage,2026-04-01 07:32:58
121715,38.2684098,21.7516006,garbage,2026-04-01 08:00:47
121716,38.2260429,21.7421098,garbage,2026-04-01 08:02:16
121717,38.2726082,21.7586029,garbage,2026-04-01 08:05:53
121719,38.2212006,21.7334465,garbage,2026-04-01 08:06:56
121723,38.24023725195,21.737555265427,garbage,2026-04-01 08:38:02
121725,38.2353002,21.7362101,garbage,2026-04-01 08:41:47
121730,38.2253857,21.7632269,garbage,2026-04-01 09:17:06
121732,38.2210797,21.7364817,garbage,2026-04-01 09:36:47
121734,38.302211666749,21.781157255173,garbage,2026-04-01 10:59:56
121738,38.2327252,21.7380137,garbage,2026-04-01 14:00:51
121741,38.2664052,21.7402885,garbage,2026-04-01 17:07:28
121742,38.2652952,21.7419427,garbage,2026-04-01 17:17:47
121746,38.228154847579,21.750188469887,garbage,2026-04-01 22:29:37
121750,38.2611073,21.7547012,garbage,2026-04-02 03:10:08
121752,38.257987,21.7510679,garbage,2026-04-02 05:49:24
121754,38.312023374496,21.803827285767,garbage,2026-04-02 06:15:25
121756,38.312548466644,21.805436611176,garbage,2026-04-02 06:29:03
121759,38.316807991467,21.81732416153,garbage,2026-04-02 06:31:18
121762,38.2292441,21.7445788,garbage,2026-04-02 06:34:34
121763,38.2117841,21.762923,garbage,2026-04-02 06:35:50
121765,38.317632929802,21.820178031921,garbage,2026-04-02 06:37:19
121766,38.2644866,21.7502955,garbage,2026-04-02 06:48:01
121768,38.2396515,21.7324918,garbage,2026-04-02 06:55:29
121769,38.2382739,21.7312256,garbage,2026-04-02 06:56:15
121770,38.2160071,21.7313156,garbage,2026-04-02 06:56:44
121772,38.2213893,21.7347908,garbage,2026-04-02 06:58:42
121773,38.2427877,21.7299897,garbage,2026-04-02 07:01:51
121774,38.311464078779,21.800436973572,garbage,2026-04-02 07:03:03
121775,38.230938141043,21.729328825237,garbage,2026-04-02 07:03:06
121779,38.2201105,21.7433522,garbage,2026-04-02 07:25:10
121780,38.237709896989,21.74748172087,garbage,2026-04-02 07:49:11
121781,38.2367871,21.7626835,garbage,2026-04-02 08:25:08
121783,38.2372049,21.7628321,garbage,2026-04-02 08:27:24
121785,38.280019861476,21.772949695587,garbage,2026-04-02 08:48:06
121790,38.219150435374,21.73520565033,garbage,2026-04-02 09:29:09
121791,38.237947589471,21.73681121134,garbage,2026-04-02 09:47:29
121797,38.266800624299,21.801153240577,garbage,2026-04-02 11:33:19
121801,38.274132386075,21.757724890752,garbage,2026-04-02 13:35:41
121822,38.28036824058,21.786680204885,garbage,2026-04-02 19:04:02
121823,38.238988790919,21.740528452624,garbage,2026-04-02 19:22:45
121825,38.2690274,21.7450419,garbage,2026-04-02 19:34:50
121830,38.2364237,21.7625141,garbage,2026-04-03 06:04:51
121836,38.2571547,21.746957,garbage,2026-04-03 06:43:42
121839,38.2379766,21.7335771,garbage,2026-04-03 07:25:15
121841,38.3055366,21.9030998,garbage,2026-04-03 07:42:09
121844,38.236041,21.7506415,garbage,2026-04-03 08:43:05
121845,38.2348268,21.7518638,garbage,2026-04-03 08:44:14
121846,38.2346911,21.7508768,garbage,2026-04-03 08:45:38
121847,38.263524000881,21.766088604927,garbage,2026-04-03 09:11:28
121852,38.2328208,21.7378594,garbage,2026-04-03 10:09:18
121854,38.2325127,21.7535012,garbage,2026-04-03 11:39:29
121857,38.2204585,21.7323494,garbage,2026-04-03 13:11:28
121866,38.301742114672,21.799626946449,garbage,2026-04-03 17:20:33
121867,38.2552519,21.7434952,garbage,2026-04-03 18:22:10
121869,38.255900909985,21.747854948044,garbage,2026-04-03 18:42:51
121870,38.26607625399,21.751610040665,garbage,2026-04-03 18:46:52
121871,38.2380891,21.7332089,garbage,2026-04-03 19:35:54
121875,38.216688332696,21.770271642501,garbage,2026-04-04 05:02:11
121876,38.2832152,21.7629998,garbage,2026-04-04 05:32:17
121878,38.270111218596,21.744791865349,garbage,2026-04-04 06:30:04
121882,38.324919126742,21.879787445068,garbage,2026-04-04 08:35:06
121883,38.319491374152,21.853652000427,garbage,2026-04-04 08:36:55
121884,38.32295429304,21.838899850845,garbage,2026-04-04 08:40:00
121885,38.298741172455,21.802303791046,garbage,2026-04-04 08:44:07
121908,38.2328651,21.737568,garbage,2026-04-04 18:47:48
121919,38.228663,21.7647704,garbage,2026-04-05 07:33:15
121926,38.2591478,21.7669744,garbage,2026-04-05 11:30:41
121927,38.2273039,21.7459857,garbage,2026-04-05 12:28:25
121929,38.2425922,21.7373722,garbage,2026-04-05 12:58:24
121931,38.2410174,21.7369778,garbage,2026-04-05 13:17:23
121932,38.2414004,21.7430304,garbage,2026-04-05 13:34:49
121933,38.247182173052,21.735651746499,garbage,2026-04-05 14:02:00
121936,38.325381073778,21.879782934896,garbage,2026-04-05 16:07:13
121950,38.225206964606,21.746903657913,garbage,2026-04-05 21:08:00
121952,38.225220263489,21.746914257004,garbage,2026-04-05 21:10:32
121954,38.242559250535,21.755153219833,garbage,2026-04-05 23:51:42
121956,38.2238906,21.7438719,garbage,2026-04-06 05:57:34
121957,38.2572975,21.752906,garbage,2026-04-06 06:02:43
121958,38.213575475773,21.720560126252,garbage,2026-04-06 06:08:49
121959,38.251928582311,21.743258496038,garbage,2026-04-06 06:14:26
121961,38.2154577,21.7328917,garbage,2026-04-06 06:20:40
121962,38.2323353,21.74104,garbage,2026-04-06 06:26:38
121965,38.275727,21.7645282,garbage,2026-04-06 06:43:51
121966,38.267239,21.7433001,garbage,2026-04-06 06:44:57
121967,38.228951,21.7404877,garbage,2026-04-06 06:56:43
121970,38.2362066,21.7329798,garbage,2026-04-06 07:03:28
121977,38.241925364683,21.760425510744,garbage,2026-04-06 07:44:25
121979,38.260342928824,21.761916629918,garbage,2026-04-06 08:00:40
121980,38.2281411,21.7501299,garbage,2026-04-06 08:04:11
121986,38.2580892,21.7450487,garbage,2026-04-06 08:17:57
121987,38.257117968279,21.746257886923,garbage,2026-04-06 08:19:38
121989,38.2577021,21.7464749,garbage,2026-04-06 08:20:57
121990,38.258512244634,21.746874880385,garbage,2026-04-06 08:22:57
121994,38.251670569902,21.746428012848,garbage,2026-04-06 09:27:32
121995,38.2294061,21.7375592,garbage,2026-04-06 09:33:09
121996,38.2334482,21.7267307,garbage,2026-04-06 10:04:05
121997,38.2268275,21.7312679,garbage,2026-04-06 10:06:44
122001,38.2619247,21.7546406,garbage,2026-04-06 10:36:37
122002,38.253380306723,21.74338771804,garbage,2026-04-06 10:54:03
122006,38.277630875713,21.763724362069,garbage,2026-04-06 11:59:22
122008,38.2237884,21.7416904,garbage,2026-04-06 12:15:49
122010,38.224283,21.7424508,garbage,2026-04-06 13:25:06
122011,38.2423771,21.7476731,garbage,2026-04-06 13:26:05
122012,38.256539839444,21.741153186091,garbage,2026-04-06 13:27:56
122014,38.261912538024,21.748483725538,garbage,2026-04-06 14:36:15
122015,38.251410146424,21.741872845211,garbage,2026-04-06 15:07:36
122016,38.228988986893,21.740448017799,garbage,2026-04-06 16:16:12
122017,38.233860054075,21.749385186937,garbage,2026-04-06 16:27:10
122018,38.229386277276,21.72701726678,garbage,2026-04-06 16:56:31
122021,38.291360853248,21.802453994751,garbage,2026-04-06 17:58:14
122024,38.223739181497,21.740580797195,garbage,2026-04-06 19:12:39
122026,38.224072109649,21.740334033966,garbage,2026-04-06 19:16:18
122027,38.268470070212,21.753895279672,garbage,2026-04-06 19:26:54
122028,38.2911615,21.7669538,garbage,2026-04-06 19:45:44
122029,38.225194604289,21.746007092294,garbage,2026-04-06 19:54:04
122031,38.241283754947,21.740108718365,garbage,2026-04-06 20:18:55
122033,38.269227770164,21.746648763893,garbage,2026-04-06 21:32:08
122036,38.271564,21.7663217,garbage,2026-04-07 04:12:52
122037,38.2348863,21.7323929,garbage,2026-04-07 04:14:33
122038,38.232769653097,21.737484057202,garbage,2026-04-07 05:16:40
122039,38.234297414682,21.739171717286,garbage,2026-04-07 05:17:48
122040,38.234055223575,21.737923161919,garbage,2026-04-07 05:18:50
122041,38.2224541,21.7259807,garbage,2026-04-07 05:43:08
122042,38.225781,21.761988,garbage,2026-04-07 05:44:25
122044,38.2566429,21.7450956,garbage,2026-04-07 05:48:20
122049,38.251899064514,21.743285332445,garbage,2026-04-07 06:40:56
122052,38.2347988,21.7409202,garbage,2026-04-07 07:14:21
122053,38.2932572,21.7813614,garbage,2026-04-07 07:15:51
122054,38.2606997,21.7558796,garbage,2026-04-07 07:17:23
122059,38.2595585,21.7442381,garbage,2026-04-07 07:38:23
122063,38.296394305017,21.789040537698,garbage,2026-04-07 07:59:23
122064,38.1911064,21.7565976,garbage,2026-04-07 08:05:12
122066,38.310277431986,21.816362237851,garbage,2026-04-07 08:14:02
122068,38.304720645534,21.805736759521,garbage,2026-04-07 08:18:03
122069,38.307533030048,21.803585489426,garbage,2026-04-07 08:21:32
122070,38.295965461891,21.795140716257,garbage,2026-04-07 08:23:29
122071,38.291468060024,21.770270809742,garbage,2026-04-07 08:26:09
122072,38.292032174673,21.771417946542,garbage,2026-04-07 08:31:15
122073,38.292427927703,21.774110750394,garbage,2026-04-07 08:35:08
122074,38.293236116746,21.770195645357,garbage,2026-04-07 08:36:41
122075,38.2231386,21.7274026,garbage,2026-04-07 08:43:54
122077,38.2332526,21.752018,garbage,2026-04-07 09:07:53
122079,38.234798989204,21.73087793149,garbage,2026-04-07 09:23:44
122083,38.248898728932,21.739068031311,garbage,2026-04-07 10:13:43
122085,38.310127763568,21.80834362633,garbage,2026-04-07 10:26:55
122086,38.2562888,21.749798,garbage,2026-04-07 10:27:46
122087,38.285018622987,21.764825284481,garbage,2026-04-07 10:42:58
122089,38.2595767,21.7437706,garbage,2026-04-07 11:17:15
122091,38.230501750101,21.754088401794,garbage,2026-04-07 11:58:50
122092,38.273303767639,21.755473952363,garbage,2026-04-07 12:13:44
122093,38.2643246,21.7424151,garbage,2026-04-07 12:15:48
122097,38.2592236,21.7476306,garbage,2026-04-07 14:20:08
122104,38.232801447689,21.737659871578,garbage,2026-04-07 17:21:59
122107,38.237196415209,21.748879551888,garbage,2026-04-07 17:59:32
122111,38.230267057984,21.743096709251,garbage,2026-04-07 19:21:20
122113,38.2420806,21.7550515,garbage,2026-04-08 02:59:30
122114,38.271564,21.7663217,garbage,2026-04-08 03:02:51
122115,38.2348863,21.7323929,garbage,2026-04-08 03:06:58
122116,38.2654642,21.7510269,garbage,2026-04-08 04:58:01
122117,38.2654642,21.7510269,garbage,2026-04-08 04:59:31
122118,38.258790254242,21.74629553796,garbage,2026-04-08 05:00:45
122119,38.2641649,21.7510169,garbage,2026-04-08 05:01:58
122130,38.2378432,21.7357631,garbage,2026-04-08 06:28:29
122132,38.300673093077,21.821063094087,garbage,2026-04-08 06:43:58
122139,38.215269392338,21.752248439357,garbage,2026-04-08 07:19:26
122140,38.199381739835,21.714316606522,garbage,2026-04-08 07:34:52
122146,38.289943439997,21.772692203522,garbage,2026-04-08 08:17:52
122147,38.2919391,21.7719824,garbage,2026-04-08 08:19:32
122148,38.29075184228,21.773496866226,garbage,2026-04-08 08:21:58
122149,38.295130531489,21.785931587219,garbage,2026-04-08 08:26:50
122150,38.2548725,21.7406154,garbage,2026-04-08 08:30:49
122151,38.299685771943,21.779397726059,garbage,2026-04-08 08:31:58
122152,38.2985144,21.7798255,garbage,2026-04-08 08:34:17
122157,38.2828427,21.7625699,garbage,2026-04-08 09:33:28
122159,38.239943428639,21.736450195312,garbage,2026-04-08 10:49:02
122163,38.273763627095,21.758181452751,garbage,2026-04-08 15:29:03
122166,38.2440803,21.7397696,garbage,2026-04-08 16:45:31
122168,38.2676838,21.741267,garbage,2026-04-08 17:26:44
122169,38.2214724,21.7343206,garbage,2026-04-08 19:04:15
122172,38.237885637043,21.737453850997,garbage,2026-04-08 20:06:44
122173,38.238722725455,21.738163061143,garbage,2026-04-08 20:08:11
122174,38.239874747807,21.740236180987,garbage,2026-04-08 20:09:16
122180,38.2373223,21.734705,garbage,2026-04-09 04:35:45
122182,38.2292441,21.7445788,garbage,2026-04-09 05:49:19
122183,38.2347331,21.7343073,garbage,2026-04-09 05:56:15
122184,38.2161574,21.7559705,garbage,2026-04-09 07:07:57
122185,38.2174784,21.7563282,garbage,2026-04-09 07:13:43
122190,38.30169026603,21.795869660715,garbage,2026-04-09 09:09:39
122191,38.3046798,21.7930161,garbage,2026-04-09 09:11:54
122192,38.307423660529,21.790022311064,garbage,2026-04-09 09:14:44
122193,38.308955637962,21.79877869394,garbage,2026-04-09 09:19:44
122199,38.3109639,21.8043383,garbage,2026-04-09 16:06:09
122200,38.196447379394,21.75659508955,garbage,2026-04-09 16:10:05
122201,38.310703787467,21.805461908251,garbage,2026-04-09 16:11:31
122209,38.3169039,21.8179948,garbage,2026-04-10 04:54:18
122210,38.312508381109,21.819474448967,garbage,2026-04-10 04:56:55
122211,38.2401823,21.7360311,garbage,2026-04-10 05:00:59
122212,38.314393691897,21.807165463501,garbage,2026-04-10 05:04:13
122213,38.2401848,21.7360111,garbage,2026-04-10 05:05:56
122214,38.2587727,21.7398632,garbage,2026-04-10 05:14:12
122215,38.2597709,21.7599393,garbage,2026-04-10 08:20:03
122217,38.2587651,21.739815,garbage,2026-04-10 09:07:17
122218,38.2650552,21.7510135,garbage,2026-04-10 10:13:22
122219,38.267340507534,21.75563454335,garbage,2026-04-10 10:16:21
122220,38.234754502315,21.740137941183,garbage,2026-04-10 11:32:07
122233,38.2590757,21.747704,garbage,2026-04-11 04:04:17
122234,38.259773,21.7479454,garbage,2026-04-11 04:05:24
122235,38.264623627725,21.750533301868,garbage,2026-04-11 04:06:40
122236,38.2654642,21.7510269,garbage,2026-04-11 04:07:49
122238,38.242965005524,21.742267597488,garbage,2026-04-11 06:37:35
122240,38.294389541118,21.77931189537,garbage,2026-04-11 07:46:23
122241,38.3036275,21.7826092,garbage,2026-04-11 07:55:27
122242,38.30838287659,21.782959699631,garbage,2026-04-11 08:00:23
122245,38.2166878,21.7557966,garbage,2026-04-11 09:45:37
122252,38.200078879221,21.707975193858,garbage,2026-04-12 07:04:00
122253,38.199276120854,21.708565950394,garbage,2026-04-12 07:04:50
122267,38.240119378289,21.735747456551,garbage,2026-04-13 09:32:10
122270,38.196350625048,21.754388809204,garbage,2026-04-13 11:21:19
122271,38.2282891,21.7849838,garbage,2026-04-13 11:40:57
122274,38.2659225,21.7512223,garbage,2026-04-13 13:51:30
122275,38.2544137,21.739347,garbage,2026-04-13 13:52:54
122276,38.2318949,21.7522814,garbage,2026-04-13 17:10:31
122278,38.232628857235,21.747314727818,garbage,2026-04-13 18:42:25
122280,38.200217971225,21.743554166904,garbage,2026-04-13 19:45:45
122283,38.2213463,21.763384,garbage,2026-04-14 04:12:05
122286,38.2296355,21.7495193,garbage,2026-04-14 07:25:42
122289,38.2963203,21.7779425,garbage,2026-04-14 07:53:52
122290,38.216907496606,21.757156848907,garbage,2026-04-14 08:34:56
122291,38.2201288,21.734185,garbage,2026-04-14 08:40:39
122292,38.210892891468,21.788161375235,garbage,2026-04-14 08:41:10
122295,38.235228,21.7433083,garbage,2026-04-14 08:55:56
122297,38.2268257,21.7428847,garbage,2026-04-14 09:14:15
122299,38.2435451,21.7283208,garbage,2026-04-14 09:32:06
122300,38.2708849,21.758916,garbage,2026-04-14 09:39:35
122301,38.2164351,21.7312522,garbage,2026-04-14 09:56:37
122302,38.2373467,21.7299068,garbage,2026-04-14 10:23:57
122307,38.232987328528,21.752271474624,garbage,2026-04-14 12:16:12
122308,38.250611,21.7414133,garbage,2026-04-14 14:39:24
122310,38.2396502,21.7389272,garbage,2026-04-14 15:23:11
122313,38.2380891,21.7332089,garbage,2026-04-14 17:00:14
122315,38.2365797,21.7321242,garbage,2026-04-14 17:35:39
122326,38.256386162068,21.741979122162,garbage,2026-04-14 23:29:14
122334,38.2666417,21.7433501,garbage,2026-04-15 07:02:25
122335,38.3037438,21.7786893,garbage,2026-04-15 07:27:51
122337,38.2990751,21.7785458,garbage,2026-04-15 07:29:17
122338,38.2997582,21.7818507,garbage,2026-04-15 07:30:49
122339,38.3049163,21.7845124,garbage,2026-04-15 07:32:14
122340,38.3076982,21.7859841,garbage,2026-04-15 07:35:21
122342,38.2799775,21.7619006,garbage,2026-04-15 07:54:09
122343,38.2463206,21.7305595,garbage,2026-04-15 08:09:13
122346,38.319148985763,21.8156218723,garbage,2026-04-15 08:25:52
122350,38.299095400807,21.788728089161,garbage,2026-04-15 08:55:53
122353,38.2364863,21.7275184,garbage,2026-04-15 09:20:50
122354,38.2707545,21.7610442,garbage,2026-04-15 09:22:34
122355,38.1728392,21.6760259,garbage,2026-04-15 09:25:14
122358,38.2343447,21.7561103,garbage,2026-04-15 09:45:02
122359,38.2323622,21.7273612,garbage,2026-04-15 09:45:54
122360,38.1900231,21.7352716,garbage,2026-04-15 09:57:47
122362,38.2342169,21.7273316,garbage,2026-04-15 10:33:06
122370,38.208285176451,21.719748750329,garbage,2026-04-15 15:33:25
122380,38.267511390335,21.741709113119,garbage,2026-04-15 18:25:51
122382,38.211364049199,21.774403452873,garbage,2026-04-15 18:42:35
122385,38.211928138081,21.740432139723,garbage,2026-04-15 20:16:01
122386,38.211568429297,21.740314303875,garbage,2026-04-15 20:17:41
122387,38.24227307934,21.755153208044,garbage,2026-04-15 20:21:30
122392,38.2532174,21.7451343,garbage,2026-04-16 06:33:54
122398,38.2579855,21.7431313,garbage,2026-04-16 07:20:08
122401,38.2565033,21.7510799,garbage,2026-04-16 07:41:59
122402,38.309329455196,21.807432174683,garbage,2026-04-16 07:42:02
122403,38.3096141,21.8080526,garbage,2026-04-16 07:44:25
122404,38.312396937436,21.814448833466,garbage,2026-04-16 07:45:58
122407,38.313854866781,21.805983781815,garbage,2026-04-16 07:51:19
122409,38.311790817441,21.807153224945,garbage,2026-04-16 07:55:35
122410,38.315862036595,21.82026386261,garbage,2026-04-16 07:58:03
122411,38.2303006,21.741415,garbage,2026-04-16 08:11:50
122413,38.2354806,21.7330283,garbage,2026-04-16 08:16:00
122414,38.2696593,21.740104,garbage,2026-04-16 08:46:33
122415,38.265085237868,21.74826495449,garbage,2026-04-16 08:49:37
122416,38.2649073,21.7482708,garbage,2026-04-16 08:58:38
122417,38.2649073,21.7482708,garbage,2026-04-16 09:02:00
122418,38.2649073,21.7482708,garbage,2026-04-16 09:03:44
122425,38.239058092121,21.735001802444,garbage,2026-04-16 10:16:06
122426,38.22842597459,21.748285711715,garbage,2026-04-16 10:24:48
122429,38.223460159929,21.751880049704,garbage,2026-04-16 10:49:07
122435,38.266835340362,21.741645984059,garbage,2026-04-16 14:25:31
122436,38.264973586929,21.763295402526,garbage,2026-04-16 15:06:10
122437,38.233479860691,21.72676473856,garbage,2026-04-16 15:28:09
122439,38.2630127,21.7475824,garbage,2026-04-16 15:52:12
122452,38.282749430279,21.762800216675,garbage,2026-04-17 06:07:48
122453,38.24583,21.7356656,garbage,2026-04-17 06:09:26
122457,38.2292062,21.7627319,garbage,2026-04-17 06:46:48
122459,38.2799775,21.7619006,garbage,2026-04-17 06:54:43
122463,38.2416655,21.7604222,garbage,2026-04-17 07:28:26
122464,38.240248,21.7335859,garbage,2026-04-17 07:36:12
122465,38.2674018,21.7414687,garbage,2026-04-17 07:40:22
122466,38.2050205,21.7227725,garbage,2026-04-17 08:11:38
122467,38.2363642,21.747178,garbage,2026-04-17 08:29:58
122473,38.2450584,21.7538218,garbage,2026-04-17 09:19:10
122474,38.2624183,21.7554224,garbage,2026-04-17 09:41:17
122482,38.2711721,21.7422255,garbage,2026-04-17 10:02:48
122484,38.232942236597,21.738558128886,garbage,2026-04-17 10:26:47
122489,38.2429160058,21.742274880061,garbage,2026-04-17 11:11:49
122491,38.206313236629,21.712646778117,garbage,2026-04-17 12:52:26
122494,38.264859072176,21.74331404777,garbage,2026-04-17 12:58:47
122495,38.234842,21.7400724,garbage,2026-04-17 13:01:13
122497,38.234842,21.7400724,garbage,2026-04-17 13:03:01
122498,38.204726947846,21.710647246307,garbage,2026-04-17 13:04:31
122500,38.2327252,21.7380137,garbage,2026-04-17 14:38:38
122503,38.27171905301,21.749770005246,garbage,2026-04-17 16:49:29
122509,38.2573888,21.7436881,garbage,2026-04-17 18:14:28
122513,38.221409527998,21.729042634576,garbage,2026-04-17 19:03:29
122515,38.245029655922,21.732952253953,garbage,2026-04-17 21:44:53
122517,38.179134114009,21.726461187745,garbage,2026-04-18 04:35:35
122522,38.311855007472,21.812925338745,garbage,2026-04-18 07:19:30
122523,38.3036275,21.7826092,garbage,2026-04-18 07:20:50
122524,38.300230423996,21.783142089844,garbage,2026-04-18 07:22:38
122525,38.3010638,21.7852241,garbage,2026-04-18 07:24:07
122526,38.3007154,21.7859692,garbage,2026-04-18 07:25:17
122529,38.298554092936,21.791065335274,garbage,2026-04-18 07:36:18
122531,38.256540950433,21.752502186805,garbage,2026-04-18 07:40:41
122533,38.242816293615,21.742310160503,garbage,2026-04-18 08:03:48
122535,38.238009811996,21.738511766356,garbage,2026-04-18 09:01:30
122546,38.242464411175,21.74786567688,garbage,2026-04-18 17:37:54
122547,38.305204060213,21.800229549408,garbage,2026-04-18 18:01:48
122557,38.2327603,21.7539947,garbage,2026-04-19 09:19:37
122558,38.230152762865,21.737024188042,garbage,2026-04-19 09:27:53
122566,38.2620044,21.7482865,garbage,2026-04-19 10:44:13
122567,38.219252242557,21.756219952294,garbage,2026-04-19 11:19:57
122568,38.2294874,21.7517885,garbage,2026-04-19 11:46:55
122571,38.2628384,21.755913,garbage,2026-04-19 13:37:29
122580,38.221885989699,21.763058246193,garbage,2026-04-19 16:38:30
122581,38.270299521797,21.746100797721,garbage,2026-04-19 16:41:55
122584,38.259526086599,21.743781057493,garbage,2026-04-19 17:43:51
122590,38.218482466767,21.73666926219,garbage,2026-04-19 18:33:17
122597,38.2278861,21.7435972,garbage,2026-04-19 21:06:41
122601,38.287683971018,21.801982998832,garbage,2026-04-20 04:32:03
122604,38.2328472,21.7454226,garbage,2026-04-20 05:43:15
122605,38.256996329474,21.75144300967,garbage,2026-04-20 05:46:48
122612,38.2385636,21.7467576,garbage,2026-04-20 07:26:06
122613,38.2644866,21.7502955,garbage,2026-04-20 07:27:31
122616,38.2381733,21.7323295,garbage,2026-04-20 07:32:20
122618,38.2600026,21.7617372,garbage,2026-04-20 07:34:45
122620,38.2790441,21.7595873,garbage,2026-04-20 07:38:02
122624,38.2269392,21.7481694,garbage,2026-04-20 07:44:25
122625,38.287697730594,21.788355336727,garbage,2026-04-20 07:44:56
122626,38.2354584,21.7400726,garbage,2026-04-20 07:45:22
122628,38.2364675,21.7302342,garbage,2026-04-20 07:49:41
122629,38.22837,21.74903,garbage,2026-04-20 07:50:44
122631,38.2665577,21.7671826,garbage,2026-04-20 07:54:51
122632,38.2840272,21.7648516,garbage,2026-04-20 08:02:56
122633,38.2424263,21.7477505,garbage,2026-04-20 08:04:13
122634,38.233248157186,21.731721504765,garbage,2026-04-20 08:07:51
122641,38.2396515,21.7324918,garbage,2026-04-20 08:51:05
122642,38.2375992,21.7327948,garbage,2026-04-20 09:02:24
122643,38.2712371,21.7425216,garbage,2026-04-20 09:05:22
122644,38.2115394,21.7743061,garbage,2026-04-20 09:17:24
122647,38.25799,21.7429154,garbage,2026-04-20 09:50:50
122648,38.2390127,21.7326809,garbage,2026-04-20 09:53:03
122651,38.213371743314,21.729929895261,garbage,2026-04-20 10:19:47
122652,38.2415433,21.7277512,garbage,2026-04-20 10:31:37
122653,38.1989084,21.7322739,garbage,2026-04-20 10:34:20
122656,38.2212938,21.733219,garbage,2026-04-20 10:44:31
122657,38.252260959852,21.74026590265,garbage,2026-04-20 10:51:43
122658,38.216388210536,21.740875840187,garbage,2026-04-20 10:53:54
122659,38.154593748124,21.631043578145,garbage,2026-04-20 12:30:17
122664,38.2534666,21.7435902,garbage,2026-04-20 13:18:10
122670,38.233728593143,21.776062033402,garbage,2026-04-20 14:38:08
122672,38.249188135952,21.737637519836,garbage,2026-04-20 14:59:28
122676,38.232793020158,21.737152934074,garbage,2026-04-20 17:13:07
122678,38.2267194,21.7678132,garbage,2026-04-20 17:42:53
122680,38.2529668,21.7382257,garbage,2026-04-20 18:02:43
122681,38.2529668,21.7382257,garbage,2026-04-20 18:04:25
122683,38.2766723,21.7564124,garbage,2026-04-20 20:10:31
122687,38.24292332716,21.752371788025,garbage,2026-04-21 04:45:21
122691,38.2377604,21.7322755,garbage,2026-04-21 05:25:39
122692,38.2372515,21.7359251,garbage,2026-04-21 05:28:58
122694,38.2150915,21.7269126,garbage,2026-04-21 05:36:24
122696,38.2422359,21.7458728,garbage,2026-04-21 05:40:10
122697,38.282853582016,21.762779232524,garbage,2026-04-21 05:50:24
122698,38.267648352038,21.746077079089,garbage,2026-04-21 05:50:45
122700,38.2159813,21.7230914,garbage,2026-04-21 05:52:34
122702,38.2225531,21.7476129,garbage,2026-04-21 05:54:16
122703,38.2426029,21.7558619,garbage,2026-04-21 06:07:43
122704,38.2241325,21.7617134,garbage,2026-04-21 06:09:30
122709,38.1758393,21.6770852,garbage,2026-04-21 06:27:10
122710,38.2160755,21.723173,garbage,2026-04-21 06:31:29
122711,38.2644866,21.7502955,garbage,2026-04-21 06:31:35
122712,38.247467230323,21.754828691483,garbage,2026-04-21 06:46:03
122716,38.2435408,21.7495999,garbage,2026-04-21 07:05:20
122717,38.31249152886,21.803593895616,garbage,2026-04-21 07:06:01
122718,38.3131646,21.8051607,garbage,2026-04-21 07:07:49
122719,38.31445069661,21.807156994778,garbage,2026-04-21 07:10:57
122720,38.309511749358,21.811373963344,garbage,2026-04-21 07:13:17
122724,38.2199874,21.7316051,garbage,2026-04-21 07:36:38
122725,38.2005742,21.7442552,garbage,2026-04-21 07:38:19
122726,38.217368065453,21.734413504601,garbage,2026-04-21 07:41:27
122728,38.2980714,21.7747113,garbage,2026-04-21 07:47:11
122729,38.309703032012,21.800930500031,garbage,2026-04-21 07:50:38
122730,38.314346799516,21.807174682617,garbage,2026-04-21 07:53:42
122733,38.247784012667,21.74300616206,garbage,2026-04-21 08:17:08
122735,38.2596953,21.7458044,garbage,2026-04-21 08:21:11
122739,38.309882,21.809672,garbage,2026-04-21 08:44:45
122743,38.2815847,21.7547251,garbage,2026-04-21 09:27:30
122752,38.2386911,21.7426384,garbage,2026-04-21 11:05:48
122755,38.2017071,21.7470788,garbage,2026-04-21 11:25:01
122756,38.2017071,21.7470788,garbage,2026-04-21 11:26:33
122757,38.196933889207,21.698185252062,garbage,2026-04-21 11:27:49
122759,38.20352476298,21.74755500116,garbage,2026-04-21 12:01:53
122768,38.249104783444,21.735087633133,garbage,2026-04-21 16:36:53
122773,38.2264102,21.731451,garbage,2026-04-21 17:49:03
122775,38.246219973521,21.735265809058,garbage,2026-04-21 18:24:07
122784,38.258695162387,21.744349279082,garbage,2026-04-21 20:06:20
122785,38.258846803742,21.744381445486,garbage,2026-04-21 20:09:49
122789,38.22867179686,21.753643155098,garbage,2026-04-21 22:02:09
122791,38.190389242485,21.70015038113,garbage,2026-04-22 05:28:43
122793,38.2198072,21.7400514,garbage,2026-04-22 05:40:06
122794,38.1989084,21.7322739,garbage,2026-04-22 05:42:23
122796,38.2656138,21.7483076,garbage,2026-04-22 05:51:36
122797,38.2659225,21.7512223,garbage,2026-04-22 05:58:13
122798,38.2648308,21.7508228,garbage,2026-04-22 05:59:43
122800,38.2438415,21.744577,garbage,2026-04-22 06:01:18
122801,38.2396805,21.7284592,garbage,2026-04-22 06:14:48
122802,38.2681147,21.7502633,garbage,2026-04-22 06:19:42
122805,38.2378432,21.7357631,garbage,2026-04-22 06:36:53
122806,38.2655323,21.7591352,garbage,2026-04-22 06:46:02
122809,38.2721471,21.7507297,garbage,2026-04-22 07:02:57
122810,38.2571547,21.746957,garbage,2026-04-22 07:08:33
122812,38.2449985,21.7340526,garbage,2026-04-22 07:14:24
122813,38.215899,21.8012726,garbage,2026-04-22 07:22:08
122816,38.2599964,21.757262,garbage,2026-04-22 07:24:52
122817,38.315828365004,21.813311576843,garbage,2026-04-22 07:32:44
122818,38.3169039,21.8179948,garbage,2026-04-22 07:34:42
122819,38.316569136396,21.822152137756,garbage,2026-04-22 07:43:38
122820,38.315761021775,21.82107925415,garbage,2026-04-22 07:45:48
122822,38.2023879,21.7077382,garbage,2026-04-22 08:03:17
122825,38.301924695789,21.797040653419,garbage,2026-04-22 08:42:51
122830,38.302039212213,21.794060559486,garbage,2026-04-22 09:53:48
122834,38.2291625,21.7427031,garbage,2026-04-22 10:33:15
122835,38.2343247,21.7334373,garbage,2026-04-22 10:43:05
122837,38.248478333271,21.737341523862,garbage,2026-04-22 10:52:26
122840,38.2410083,21.7464829,garbage,2026-04-22 11:09:04
122854,38.2000611,21.743585,garbage,2026-04-22 16:07:10
122855,38.2711917,21.7422417,garbage,2026-04-22 17:32:02
122859,38.268168208539,21.743087574031,garbage,2026-04-22 18:15:08
122860,38.267732627761,21.741955617271,garbage,2026-04-22 18:19:42
122865,38.23802707915,21.74332357081,garbage,2026-04-22 20:08:40
122867,38.2448272,21.7397429,garbage,2026-04-23 03:16:02
122868,38.277299276381,21.758986115456,garbage,2026-04-23 04:48:22
122869,38.2691284,21.7432421,garbage,2026-04-23 05:50:13
122871,38.2363307,21.7365023,garbage,2026-04-23 05:59:21
122872,38.2710944,21.7638846,garbage,2026-04-23 06:02:11
122876,38.2714966,21.7596773,garbage,2026-04-23 07:14:35
122877,38.267409,21.7682995,garbage,2026-04-23 07:21:27
122879,38.232503911652,21.750536077889,garbage,2026-04-23 07:24:23
122880,38.2173935,21.7388158,garbage,2026-04-23 07:28:11
122881,38.2389368,21.7341115,garbage,2026-04-23 07:33:52
122882,38.2384179,21.7431399,garbage,2026-04-23 07:51:08
122885,38.2399933,21.7434977,garbage,2026-04-23 08:00:43
122888,38.2229216,21.7561347,garbage,2026-04-23 08:10:55
122889,38.2656165,21.7612782,garbage,2026-04-23 08:17:01
122891,38.2560602,21.7456975,garbage,2026-04-23 08:18:02
122895,38.2446708,21.7268078,garbage,2026-04-23 08:43:31
122898,38.230151,21.7412324,garbage,2026-04-23 08:55:09
122900,38.2277703,21.7539398,garbage,2026-04-23 09:12:21
122901,38.2391259,21.7385211,garbage,2026-04-23 09:13:46
122905,38.222772846771,21.795351363385,garbage,2026-04-23 09:42:13
122906,38.294154718178,21.768605504107,garbage,2026-04-23 09:46:22
122907,38.287442668332,21.764207695247,garbage,2026-04-23 09:48:14
122908,38.2963203,21.7779425,garbage,2026-04-23 09:50:07
122909,38.302485,21.7754304,garbage,2026-04-23 09:51:33
122910,38.299374850119,21.778808783532,garbage,2026-04-23 09:53:42
122912,38.2712371,21.7425216,garbage,2026-04-23 09:59:59
122915,38.195429,21.6989432,garbage,2026-04-23 10:09:54
122916,38.245041835555,21.739713460421,garbage,2026-04-23 10:22:02
122917,38.249884151001,21.740199923515,garbage,2026-04-23 10:24:18
122921,38.287264031774,21.766635775566,garbage,2026-04-23 14:09:58
122923,38.195999269622,21.761006310599,garbage,2026-04-23 15:19:01
122924,38.195670620397,21.75610976363,garbage,2026-04-23 15:33:14
122926,38.193153518312,21.74789249897,garbage,2026-04-23 16:13:26
122928,38.221279037443,21.733775289091,garbage,2026-04-23 17:30:12
122932,38.251072801457,21.739436392863,garbage,2026-04-23 18:07:23
122940,38.22054046504,21.740626394749,garbage,2026-04-24 04:42:27
122941,38.2662421,21.7489932,garbage,2026-04-24 05:01:09
122942,38.2664562,21.7479375,garbage,2026-04-24 05:02:15
122944,38.2659225,21.7512223,garbage,2026-04-24 05:03:49
122945,38.2661276,21.7522293,garbage,2026-04-24 05:06:51
122948,38.258088488393,21.741630920567,garbage,2026-04-24 06:53:10
122949,38.2380025,21.7353343,garbage,2026-04-24 07:09:33
122952,38.25734459261,21.751851439476,garbage,2026-04-24 08:25:09
122955,38.242820392414,21.742304207402,garbage,2026-04-24 08:43:54
122965,38.2645677,21.7487295,garbage,2026-04-24 10:54:05
122970,38.2177569,21.7429432,garbage,2026-04-24 16:40:44
122973,38.22430704152,21.763619324365,garbage,2026-04-24 17:53:27
122975,38.2278861,21.7435972,garbage,2026-04-24 18:15:08
122976,38.242218181411,21.742002367938,garbage,2026-04-24 18:53:02
122978,38.2560532,21.7434044,garbage,2026-04-24 19:58:52
122981,38.2713054,21.8352154,garbage,2026-04-25 07:41:08
122984,38.264197792358,21.740083910772,garbage,2026-04-25 08:31:13
122985,38.271010081012,21.747195124626,garbage,2026-04-25 09:33:19
122987,38.268483641264,21.753852860424,garbage,2026-04-25 09:49:23
122988,38.247169207342,21.735550183034,garbage,2026-04-25 10:11:15
122997,38.2113602,21.7416941,garbage,2026-04-25 15:35:10
122998,38.213708974037,21.743021560506,garbage,2026-04-25 15:39:26
123000,38.212810588843,21.74211948012,garbage,2026-04-25 15:48:02
123002,38.232957310944,21.749111935214,garbage,2026-04-25 15:55:58
123007,38.2710057,21.746244,garbage,2026-04-25 19:30:40
123008,38.271096327769,21.746054246393,garbage,2026-04-25 19:46:12
123010,38.2328717,21.7373239,garbage,2026-04-25 21:22:46
123013,38.212216511437,21.718307955913,garbage,2026-04-26 08:41:44
123015,38.2339404,21.7379219,garbage,2026-04-26 10:57:53
123021,38.252544623555,21.741026043892,garbage,2026-04-26 12:29:30
123022,38.2443238,21.7534871,garbage,2026-04-26 12:58:30
123024,38.264476523416,21.745795682073,garbage,2026-04-26 13:45:12
123025,38.269419927296,21.746943774511,garbage,2026-04-26 14:47:49
123027,38.257460881293,21.743576286323,garbage,2026-04-26 15:42:50
123028,38.230182545585,21.725136637688,garbage,2026-04-26 16:16:00
123032,38.253282936339,21.74043225281,garbage,2026-04-26 16:47:10
123034,38.230124018954,21.74315571785,garbage,2026-04-26 16:52:38
123035,38.250761371584,21.73877028516,garbage,2026-04-26 16:57:12
123041,38.226371334168,21.755444353443,garbage,2026-04-26 20:29:22
123047,38.1941869,21.7662426,garbage,2026-04-27 05:51:51
123048,38.2142635,21.7436112,garbage,2026-04-27 05:55:37
123049,38.2562114,21.7420338,garbage,2026-04-27 05:57:01
123050,38.2561335,21.7422982,garbage,2026-04-27 05:58:01
123051,38.2502769,21.7460666,garbage,2026-04-27 06:04:24
123052,38.2113189,21.7695103,garbage,2026-04-27 06:05:23
123056,38.251858894405,21.743277217774,garbage,2026-04-27 06:15:48
123057,38.2452587,21.7538093,garbage,2026-04-27 06:23:53
123058,38.2434653,21.7704793,garbage,2026-04-27 06:31:53
123062,38.2369914,21.7414947,garbage,2026-04-27 06:36:45
123063,38.2599877,21.7401308,garbage,2026-04-27 06:37:43
123066,38.267138391326,21.749775409698,garbage,2026-04-27 06:45:22
123067,38.2388211,21.7501529,garbage,2026-04-27 06:46:45
123069,38.2208756,21.736887,garbage,2026-04-27 06:52:14
123071,38.2445675,21.7453656,garbage,2026-04-27 07:00:35
123072,38.2210797,21.7364817,garbage,2026-04-27 07:02:20
123073,38.319283463867,21.815503827628,garbage,2026-04-27 07:10:20
123075,38.2165284,21.7414888,garbage,2026-04-27 07:12:35
123077,38.2406545,21.7506439,garbage,2026-04-27 07:22:11
123078,38.260053780416,21.741701960564,garbage,2026-04-27 07:26:12
123080,38.267239,21.7433001,garbage,2026-04-27 07:32:24
123082,38.251886,21.7450171,garbage,2026-04-27 07:37:19
123086,38.2648344,21.7450631,garbage,2026-04-27 07:56:15
123087,38.2643259,21.7453623,garbage,2026-04-27 07:56:58
123088,38.220068,21.7277335,garbage,2026-04-27 07:58:39
123089,38.2393846,21.740764,garbage,2026-04-27 08:01:10
123093,38.25799,21.7429154,garbage,2026-04-27 08:17:48
123094,38.2705341,21.7485932,garbage,2026-04-27 08:27:10
123095,38.2084533,21.73618,garbage,2026-04-27 08:34:35
123096,38.23532,21.7432171,garbage,2026-04-27 08:36:08
123098,38.238259214602,21.732653625553,garbage,2026-04-27 08:40:20
123099,38.2596589,21.7439692,garbage,2026-04-27 08:48:11
123101,38.2674377,21.7535076,garbage,2026-04-27 08:50:54
123102,38.193529885765,21.710872650146,garbage,2026-04-27 09:00:24
123103,38.193345170302,21.710829734802,garbage,2026-04-27 09:02:14
123104,38.193573758913,21.710942387581,garbage,2026-04-27 09:05:45
123105,38.258964746799,21.741409110711,garbage,2026-04-27 09:23:49
123107,38.2610275,21.7599991,garbage,2026-04-27 09:51:53
123110,38.1851943,21.6790783,garbage,2026-04-27 10:16:33
123112,38.247457287174,21.734766673585,garbage,2026-04-27 11:02:27
123120,38.286926234018,21.762572200617,garbage,2026-04-27 14:17:28
123127,38.232437042664,21.757861198253,garbage,2026-04-27 16:56:59
123132,38.228016560126,21.750172376633,garbage,2026-04-27 18:49:00
123133,38.267151361945,21.760098370224,garbage,2026-04-27 18:52:46
123134,38.26617018479,21.759351701242,garbage,2026-04-27 19:01:10
123135,38.222937165582,21.753505148577,garbage,2026-04-27 19:03:31
123137,38.210515996363,21.750123990218,garbage,2026-04-27 19:13:14
123138,38.2584865,21.7443168,garbage,2026-04-27 19:14:00
123139,38.258737285018,21.744542529851,garbage,2026-04-27 19:17:59
123140,38.271011625664,21.74612613528,garbage,2026-04-27 19:27:50
123142,38.231467825148,21.754506214071,garbage,2026-04-27 20:11:47
123143,38.246590332685,21.747610528103,garbage,2026-04-27 20:14:40
123148,38.265041510483,21.748227817623,garbage,2026-04-28 04:15:59
123149,38.2649073,21.7482708,garbage,2026-04-28 04:17:34
123150,38.265125992748,21.748242670112,garbage,2026-04-28 04:19:21
123151,38.2646058,21.7506647,garbage,2026-04-28 04:55:19
123152,38.259569,21.7467882,garbage,2026-04-28 04:56:56
123154,38.2452358,21.7347066,garbage,2026-04-28 04:58:07
123155,38.2660614,21.7514764,garbage,2026-04-28 04:59:40
123156,38.292756219895,21.769690979125,garbage,2026-04-28 05:02:53
123157,38.295947751189,21.781235565296,garbage,2026-04-28 05:05:13
123158,38.293565160604,21.782870151122,garbage,2026-04-28 05:07:54
123161,38.233820212704,21.745194196721,garbage,2026-04-28 05:43:56
123164,38.2311555,21.7293588,garbage,2026-04-28 06:01:55
123165,38.2247624,21.7451745,garbage,2026-04-28 06:02:45
123166,38.2669482,21.7496898,garbage,2026-04-28 06:05:54
123168,38.2249064,21.7452714,garbage,2026-04-28 06:11:46
123171,38.2424021,21.748538,garbage,2026-04-28 06:26:03
123172,38.2681692,21.7432141,garbage,2026-04-28 06:29:06
123175,38.2520692,21.7451443,garbage,2026-04-28 06:35:48
123176,38.308996522599,21.822098493576,garbage,2026-04-28 06:40:36
123180,38.2423079,21.7559013,garbage,2026-04-28 07:21:31
123181,38.187458588626,21.704796376658,garbage,2026-04-28 07:33:04
123183,38.2270557,21.7462576,garbage,2026-04-28 07:36:36
123186,38.198589010151,21.709136313193,garbage,2026-04-28 07:42:05
123190,38.235718,21.7328304,garbage,2026-04-28 07:53:02
123192,38.2696692,21.7539788,garbage,2026-04-28 07:59:59
123193,38.288654560982,21.78881445207,garbage,2026-04-28 08:00:47
123194,38.2579652,21.7407544,garbage,2026-04-28 08:02:28
123195,38.2231386,21.7274026,garbage,2026-04-28 08:06:50
123197,38.299482500426,21.799692900011,garbage,2026-04-28 08:17:41
123201,38.2669803,21.757209,garbage,2026-04-28 08:31:42
123202,38.2322055,21.7346718,garbage,2026-04-28 08:35:04
123203,38.2318126,21.7321697,garbage,2026-04-28 08:41:31
123205,38.2372944,21.7442719,garbage,2026-04-28 08:45:21
123212,38.264825,21.7553059,garbage,2026-04-28 09:02:38
123213,38.2232811,21.7411282,garbage,2026-04-28 09:07:28
123215,38.2428388,21.7518212,garbage,2026-04-28 09:17:05
123218,38.2362161,21.7364123,garbage,2026-04-28 10:00:25
123223,38.242282,21.7530819,garbage,2026-04-28 10:24:25
123226,38.2310813,21.7304106,garbage,2026-04-28 10:35:13
123230,38.247889804038,21.742910509684,garbage,2026-04-28 15:58:45
123232,38.247326760978,21.741811482005,garbage,2026-04-28 16:02:12
123234,38.231893862563,21.751848583926,garbage,2026-04-28 16:57:15
123235,38.231763738322,21.750387228772,garbage,2026-04-28 17:02:09
123244,38.240454,21.7311517,garbage,2026-04-28 18:58:44
123245,38.1950593,21.7028375,garbage,2026-04-28 19:51:38
123246,38.1952784,21.6989869,garbage,2026-04-28 19:56:33
123249,38.267737102448,21.761748790741,garbage,2026-04-28 21:51:04
123250,38.26765005977,21.761687994003,garbage,2026-04-28 21:55:50
123252,38.233264960363,21.731796562672,garbage,2026-04-29 05:12:38
123253,38.2201105,21.7433522,garbage,2026-04-29 05:47:02
123259,38.2391588,21.7315316,garbage,2026-04-29 06:23:05
123260,38.1911064,21.7565976,garbage,2026-04-29 06:37:51
123262,38.2705757,21.7451784,garbage,2026-04-29 06:43:12
123263,38.2656946,21.745822,garbage,2026-04-29 06:46:10
123264,38.2690274,21.7450419,garbage,2026-04-29 06:46:48
123266,38.2182292,21.7517936,garbage,2026-04-29 06:55:17
123267,38.2532174,21.7451343,garbage,2026-04-29 06:59:13
123269,38.2535881,21.7460878,garbage,2026-04-29 07:01:25
123274,38.252854,21.7385535,garbage,2026-04-29 07:14:26
123275,38.2397374,21.7325101,garbage,2026-04-29 07:14:28
123276,38.2743679,21.7641631,garbage,2026-04-29 07:16:12
123279,38.298967005654,21.799791398652,garbage,2026-04-29 07:25:43
123280,38.2656852,21.7458159,garbage,2026-04-29 07:26:59
123281,38.302581261921,21.801000534702,garbage,2026-04-29 07:27:59
123283,38.2251178,21.7468782,garbage,2026-04-29 07:44:43
123284,38.271143573691,21.763403694081,garbage,2026-04-29 08:00:05
123285,38.2234546,21.7517055,garbage,2026-04-29 08:03:26
123286,38.2220756,21.7428979,garbage,2026-04-29 08:06:47
123287,38.213438727547,21.734012911702,garbage,2026-04-29 08:08:43
123288,38.2331675,21.7433296,garbage,2026-04-29 08:15:09
123289,38.230827,21.7443866,garbage,2026-04-29 08:16:19
123291,38.2829188,21.7568548,garbage,2026-04-29 08:23:54
123297,38.2608148,21.7438276,garbage,2026-04-29 09:05:33
123300,38.213379516808,21.729983442207,garbage,2026-04-29 09:23:13
123301,38.192237349237,21.711606222848,garbage,2026-04-29 09:28:36
123303,38.319006455033,21.814891619835,garbage,2026-04-29 09:39:00
123306,38.2340203,21.7383126,garbage,2026-04-29 10:20:21
123307,38.2285837,21.7469266,garbage,2026-04-29 10:31:17
123308,38.305258229233,21.803516149521,garbage,2026-04-29 10:37:38
123309,38.1909853,21.7272327,garbage,2026-04-29 11:02:19
123310,38.2952684,21.782782,garbage,2026-04-29 11:10:36
123311,38.244371576971,21.730787960008,garbage,2026-04-29 11:12:24
123312,38.25950750473,21.742533445358,garbage,2026-04-29 11:40:35
123313,38.2661771,21.7404992,garbage,2026-04-29 12:20:17
123316,38.2598975,21.7397634,garbage,2026-04-29 14:14:22
123317,38.2598975,21.7397634,garbage,2026-04-29 14:20:47
123320,38.312273819722,21.803966760635,garbage,2026-04-29 15:19:30
123329,38.271481484078,21.75940990448,garbage,2026-04-29 18:17:27
123333,38.216942057009,21.746955396452,garbage,2026-04-29 18:51:06
123334,38.2598652,21.7405587,garbage,2026-04-30 06:28:40
123335,38.2664731,21.7404279,garbage,2026-04-30 06:31:44
123336,38.2341265,21.7364751,garbage,2026-04-30 06:32:54
123338,38.2407991,21.7378551,garbage,2026-04-30 06:35:47
123339,38.2732846,21.7447321,garbage,2026-04-30 06:36:54
123340,38.2225582,21.7258134,garbage,2026-04-30 06:38:24
123341,38.2433498,21.7547823,garbage,2026-04-30 06:42:29
123342,38.2605119,21.75839,garbage,2026-04-30 06:46:09
123344,38.316868796294,21.816758099835,garbage,2026-04-30 06:57:56
123345,38.318224174058,21.816812206384,garbage,2026-04-30 07:00:14
123348,38.199021720169,21.762484609499,garbage,2026-04-30 07:04:50
123351,38.2357305,21.7278594,garbage,2026-04-30 07:10:11
123353,38.2532174,21.7451343,garbage,2026-04-30 07:26:32
123354,38.271804655535,21.754914522171,garbage,2026-04-30 07:33:18
123355,38.2359299,21.7486296,garbage,2026-04-30 07:44:05
123363,38.26481451668,21.747065821866,garbage,2026-04-30 08:17:19
123365,38.189922565546,21.698675581123,garbage,2026-04-30 09:01:11
123366,38.2584315,21.7405608,garbage,2026-04-30 09:03:13
123367,38.235256507677,21.765707731247,garbage,2026-04-30 09:18:03
123368,38.2243592341,21.763207912445,garbage,2026-04-30 09:25:57
123371,38.2407991,21.7378551,garbage,2026-04-30 10:18:48
123372,38.2407991,21.7378551,garbage,2026-04-30 10:20:30
123373,38.23066925134,21.737350076437,garbage,2026-04-30 10:34:16
123374,38.2268624,21.739003,garbage,2026-04-30 11:40:49
123379,38.264481146254,21.748544287577,garbage,2026-04-30 12:34:57
123380,38.263007059841,21.746355557757,garbage,2026-04-30 12:37:51
123388,38.196446191426,21.716941547324,garbage,2026-04-30 15:57:00
123391,38.225086951645,21.747861373941,garbage,2026-04-30 17:00:05
123394,38.241226779964,21.746323356886,garbage,2026-04-30 17:54:39
123398,38.2681147,21.7502633,garbage,2026-04-30 19:41:50
123400,38.240117624955,21.729975342751,garbage,2026-04-30 21:12:26
123401,38.240130264977,21.729980707169,garbage,2026-04-30 21:28:52
123402,38.236688542018,21.757516264915,garbage,2026-04-30 21:37:27
123406,38.224319761354,21.763574042277,garbage,2026-05-01 07:50:24
123407,38.313375,21.82417,garbage,2026-05-01 08:27:56
123408,38.239413247543,21.756072906721,garbage,2026-05-01 08:41:06
123410,38.248874384087,21.745543696951,garbage,2026-05-01 09:59:33
123416,38.227282714523,21.753968435682,garbage,2026-05-01 10:34:45
123419,38.25322059223,21.748498678207,garbage,2026-05-01 12:53:43
123421,38.2556161,21.7377612,garbage,2026-05-01 13:19:38
123422,38.256851079398,21.741256713867,garbage,2026-05-01 14:31:49
123437,38.2112513,21.740255,garbage,2026-05-02 06:25:57
123438,38.2567374,21.7542324,garbage,2026-05-02 06:27:26
123444,38.215593682847,21.753018207432,garbage,2026-05-02 09:29:49
123445,38.2701212,21.7448578,garbage,2026-05-02 10:06:26
123446,38.189007042289,21.709865508461,garbage,2026-05-02 12:00:29
123450,38.24274374151,21.736443042755,garbage,2026-05-02 15:09:57
123451,38.2426003,21.7363358,garbage,2026-05-02 15:11:35
123463,38.186321653906,21.71489061332,garbage,2026-05-02 17:44:51
123468,38.203466903971,21.747440170937,garbage,2026-05-02 19:35:17
123469,38.238321128432,21.739573028591,garbage,2026-05-02 21:42:11
123472,38.260846368995,21.742955446243,garbage,2026-05-03 07:11:05
123474,38.1919308,21.7309293,garbage,2026-05-03 09:22:16
123477,38.240092427791,21.743457253446,garbage,2026-05-03 10:54:59
123479,38.2150384,21.7468238,garbage,2026-05-03 11:52:48
123481,38.2552519,21.7434952,garbage,2026-05-03 13:18:15
123482,38.279560901052,21.749241878024,garbage,2026-05-03 13:42:55
123484,38.2400893,21.7299178,garbage,2026-05-03 15:28:47
123485,38.2235758,21.7350941,garbage,2026-05-03 16:33:56
123487,38.25598152061,21.745812417273,garbage,2026-05-03 17:06:56
123488,38.230272372183,21.743074417072,garbage,2026-05-03 17:51:51
123493,38.2572689,21.7539238,garbage,2026-05-04 04:06:43
123494,38.2412462,21.747441,garbage,2026-05-04 05:43:47
123496,38.22579,21.745746,garbage,2026-05-04 06:01:05
123497,38.2571682,21.7460227,garbage,2026-05-04 06:02:48
123498,38.2399412,21.7283759,garbage,2026-05-04 06:04:32
123500,38.2211375,21.7572147,garbage,2026-05-04 06:10:11
123501,38.251887155343,21.743252626979,garbage,2026-05-04 06:19:03
123502,38.2585614,21.7434326,garbage,2026-05-04 06:21:11
123505,38.2426286,21.7476417,garbage,2026-05-04 06:26:08
123508,38.259569,21.7467882,garbage,2026-05-04 06:35:58
123515,38.1909853,21.7272327,garbage,2026-05-04 06:55:56
123516,38.2579652,21.7407544,garbage,2026-05-04 06:56:27
123517,38.2311555,21.7293588,garbage,2026-05-04 06:56:35
123519,38.2381585,21.7422699,garbage,2026-05-04 07:10:17
123520,38.2304975,21.7675427,garbage,2026-05-04 07:13:03
123521,38.2296062,21.7499201,garbage,2026-05-04 07:13:53
123522,38.2405477,21.7285249,garbage,2026-05-04 07:18:24
123523,38.2585382,21.7422958,garbage,2026-05-04 07:36:13
123524,38.240248,21.7335859,garbage,2026-05-04 07:40:52
123525,38.2445017,21.7322514,garbage,2026-05-04 07:43:36
123527,38.1934571,21.6983126,garbage,2026-05-04 08:01:45
123530,38.2270039,21.7286987,garbage,2026-05-04 08:19:12
123531,38.298247160505,21.788064002362,garbage,2026-05-04 08:20:47
123532,38.3010638,21.7852241,garbage,2026-05-04 08:22:29
123533,38.2266881,21.7324471,garbage,2026-05-04 08:25:43
123535,38.299702908348,21.779014582999,garbage,2026-05-04 08:26:55
123536,38.298246956006,21.777945299262,garbage,2026-05-04 08:29:30
123537,38.293716503081,21.782664387711,garbage,2026-05-04 08:31:15
123538,38.234008252986,21.742378334847,garbage,2026-05-04 08:31:55
123539,38.304182172128,21.782715587943,garbage,2026-05-04 08:34:51
123540,38.307708874796,21.783619216375,garbage,2026-05-04 08:38:39
123541,38.298019036427,21.777791014447,garbage,2026-05-04 08:42:02
123542,38.2658697,21.7468158,garbage,2026-05-04 08:42:59
123543,38.2963343,21.7806329,garbage,2026-05-04 08:43:47
123544,38.2234158,21.7375309,garbage,2026-05-04 08:44:56
123545,38.295198423355,21.78584921014,garbage,2026-05-04 08:45:30
123546,38.22469,21.7745333,garbage,2026-05-04 08:45:49
123547,38.2963203,21.7779425,garbage,2026-05-04 08:47:10
123548,38.2890782,21.7710686,garbage,2026-05-04 08:49:12
123549,38.2919391,21.7719824,garbage,2026-05-04 08:54:46
123551,38.291990062205,21.771430579213,garbage,2026-05-04 08:58:14
123555,38.239168,21.7368179,garbage,2026-05-04 09:48:39
123557,38.2400928,21.7411806,garbage,2026-05-04 09:56:49
123558,38.3027571,21.7800192,garbage,2026-05-04 10:00:12
123561,38.2364013,21.7422689,garbage,2026-05-04 10:49:50
123562,38.207300750702,21.719089508078,garbage,2026-05-04 10:54:43
123564,38.2426003,21.7363358,garbage,2026-05-04 11:53:53
123566,38.2314047,21.7301016,garbage,2026-05-04 13:37:12
123571,38.238183351382,21.738782264173,garbage,2026-05-04 16:01:02
123573,38.276561455905,21.759324792419,garbage,2026-05-04 16:50:36
123574,38.277479816545,21.761495736397,garbage,2026-05-04 16:54:04
123575,38.279478516644,21.762846074648,garbage,2026-05-04 16:59:05
123576,38.282230918558,21.762631699299,garbage,2026-05-04 17:03:56
123577,38.23987945997,21.727053512154,garbage,2026-05-04 17:12:10
123581,38.254240029831,21.747822761536,garbage,2026-05-04 18:53:29
123583,38.2332096,21.7515482,garbage,2026-05-04 20:11:26
123584,38.2332096,21.7515482,garbage,2026-05-04 20:21:27
123586,38.234515376408,21.751082942064,garbage,2026-05-04 20:56:44
123587,38.232823569952,21.75087689393,garbage,2026-05-04 20:58:37
123588,38.232935935183,21.749084512994,garbage,2026-05-04 21:00:34
123591,38.229011961597,21.74774255226,garbage,2026-05-04 21:38:32
123592,38.227562668972,21.746008708811,garbage,2026-05-04 21:44:04
123599,38.2544137,21.739347,garbage,2026-05-05 05:15:55
123604,38.2398671,21.740081,garbage,2026-05-05 05:43:09
123607,38.2450757,21.7548045,garbage,2026-05-05 06:06:58
123608,38.221167,21.7482333,garbage,2026-05-05 06:08:05
123613,38.226065500266,21.728109373561,garbage,2026-05-05 06:34:55
123618,38.2306782,21.735731,garbage,2026-05-05 07:26:09
123619,38.2894355,21.7705163,garbage,2026-05-05 07:27:43
123620,38.2327101,21.7271676,garbage,2026-05-05 07:31:52
123622,38.310130485697,21.815890911242,garbage,2026-05-05 07:49:19
123623,38.2421429,21.7314699,garbage,2026-05-05 08:09:48
123626,38.239043,21.7291762,garbage,2026-05-05 08:27:35
123629,38.2120442,21.7806479,garbage,2026-05-05 08:31:36
123630,38.2650653,21.7476581,garbage,2026-05-05 08:34:02
123632,38.257168,21.746185,garbage,2026-05-05 08:36:17
123633,38.2159813,21.7230914,garbage,2026-05-05 08:48:00
123635,38.2266967,21.7511904,garbage,2026-05-05 09:03:11
123636,38.248118,21.7482264,garbage,2026-05-05 09:09:14
123637,38.2377213,21.7366773,garbage,2026-05-05 09:16:45
123638,38.2843846,21.7642891,garbage,2026-05-05 09:20:48
123639,38.2420874,21.7303258,garbage,2026-05-05 09:23:41
123640,38.2301248,21.7492569,garbage,2026-05-05 09:41:30
123642,38.241886284231,21.728897094727,garbage,2026-05-05 09:46:41
123648,38.2391767,21.7444844,garbage,2026-05-05 11:13:31
123649,38.28771802502,21.76498124834,garbage,2026-05-05 11:19:36
123650,38.269479165283,21.762517312302,garbage,2026-05-05 11:34:14
123651,38.267713494993,21.761676906936,garbage,2026-05-05 11:37:17
123652,38.240204937782,21.743463467321,garbage,2026-05-05 12:40:56
123653,38.226333180201,21.755453377678,garbage,2026-05-05 14:09:17
123654,38.250846994101,21.741779164565,garbage,2026-05-05 14:47:53
123655,38.326692349937,21.848058575784,garbage,2026-05-05 15:00:36
123660,38.239488261466,21.730936372648,garbage,2026-05-05 16:42:42
123666,38.248096508151,21.74808382988,garbage,2026-05-05 17:53:53
123670,38.247120232819,21.738237402266,garbage,2026-05-05 18:29:46
123676,38.228812822505,21.746819615364,garbage,2026-05-05 20:22:24
123679,38.239569544066,21.748562362009,garbage,2026-05-06 03:53:48
123680,38.233426953518,21.754997968683,garbage,2026-05-06 03:55:54
123682,38.2641649,21.7510169,garbage,2026-05-06 05:10:03
123683,38.237328997243,21.735588312149,garbage,2026-05-06 05:14:31
123686,38.2127829,21.730256,garbage,2026-05-06 05:58:13
123687,38.2584621,21.7398639,garbage,2026-05-06 06:06:00
123688,38.2673629,21.7490674,garbage,2026-05-06 06:08:01
123689,38.26817652216,21.743126185259,garbage,2026-05-06 06:15:19
123691,38.25183435445,21.743306949498,garbage,2026-05-06 06:26:40
123692,38.2420806,21.7550515,garbage,2026-05-06 06:30:18
123693,38.2225947,21.7252132,garbage,2026-05-06 06:33:15
123695,38.187806039084,21.72766327858,garbage,2026-05-06 06:37:08
123696,38.2150606,21.7322421,garbage,2026-05-06 06:51:33
123698,38.2116662,21.7491564,garbage,2026-05-06 07:16:48
123700,38.2146167,21.7221057,garbage,2026-05-06 07:21:43
123704,38.2678781,21.7432836,garbage,2026-05-06 07:35:11
123706,38.199391381365,21.761636137962,garbage,2026-05-06 07:47:56
123707,38.2887968,21.7722597,garbage,2026-05-06 07:48:19
123708,38.2227323,21.7468979,garbage,2026-05-06 07:51:34
123712,38.2684476,21.7622348,garbage,2026-05-06 08:23:55
123716,38.2550206,21.7411941,garbage,2026-05-06 09:04:17
123718,38.2524426,21.7409254,garbage,2026-05-06 09:30:43
123721,38.242466583716,21.747931198049,garbage,2026-05-06 10:23:37
123722,38.1851943,21.6790783,garbage,2026-05-06 10:46:20
123724,38.2167072,21.7369518,garbage,2026-05-06 11:22:54
123726,38.218537618748,21.736557684757,garbage,2026-05-06 12:19:26
123727,38.270699123687,21.74633412018,garbage,2026-05-06 12:49:15
123732,38.235296316668,21.744282245636,garbage,2026-05-06 14:22:27
123743,38.319080758064,21.815486802298,garbage,2026-05-06 17:17:09
123744,38.2194636,21.7404495,garbage,2026-05-06 18:10:32
123746,38.255883289959,21.745864748955,garbage,2026-05-06 19:38:50
123747,38.2655015,21.7450565,garbage,2026-05-06 19:57:47
123751,38.197379438614,21.710126444901,garbage,2026-05-07 05:15:03
123752,38.2702983,21.7454306,garbage,2026-05-07 05:32:45
123763,38.3015057,21.7940151,garbage,2026-05-07 07:48:09
123764,38.2225582,21.7258134,garbage,2026-05-07 08:00:20
123767,38.220532,21.7401796,garbage,2026-05-07 08:22:52
123768,38.3176494,21.818048,garbage,2026-05-07 08:23:43
123772,38.2415029,21.7609868,garbage,2026-05-07 08:51:13
123774,38.213407361997,21.729976698194,garbage,2026-05-07 08:55:33
123777,38.240577744058,21.756073236465,garbage,2026-05-07 09:12:19
123778,38.2588262,21.7417128,garbage,2026-05-07 09:35:56
123779,38.22890754616,21.762526761164,garbage,2026-05-07 09:38:35
123781,38.262808860745,21.741567850113,garbage,2026-05-07 09:50:25
123783,38.2303085,21.7429936,garbage,2026-05-07 10:28:58
123784,38.270981,21.7460752,garbage,2026-05-07 10:40:44
123785,38.2713721,21.7454636,garbage,2026-05-07 10:43:44
123787,38.205449041793,21.754841970361,garbage,2026-05-07 11:38:18
123790,38.250835946704,21.741745799492,garbage,2026-05-07 12:14:29
123791,38.2199963,21.7715129,garbage,2026-05-07 12:21:23
123793,38.312235069155,21.803897693753,garbage,2026-05-07 12:44:34
123796,38.2671305,21.7601442,garbage,2026-05-07 15:02:15
123798,38.170781064621,21.677935123444,garbage,2026-05-07 15:31:11
123800,38.264342207127,21.74301892519,garbage,2026-05-07 16:23:56
123804,38.192247407965,21.70857667923,garbage,2026-05-07 18:37:10
123805,38.192825013254,21.752208409422,garbage,2026-05-07 18:52:11
123810,38.236879228403,21.730411381987,garbage,2026-05-07 20:11:47
123813,38.2517998,21.7444518,garbage,2026-05-08 05:14:57
123814,38.2700625,21.7491443,garbage,2026-05-08 05:25:23
123815,38.2570653,21.7516185,garbage,2026-05-08 05:27:00
123816,38.304358268698,21.790919331949,garbage,2026-05-08 05:30:07
123817,38.2536776,21.741536,garbage,2026-05-08 05:49:31
123820,38.2376318,21.7335673,garbage,2026-05-08 06:08:18
123821,38.2573453,21.7450604,garbage,2026-05-08 06:09:07
123822,38.2392086,21.7332937,garbage,2026-05-08 06:09:53
123826,38.2406049,21.7368588,garbage,2026-05-08 06:54:02
123827,38.312348079468,21.800431821466,garbage,2026-05-08 06:58:58
123828,38.2341056,21.7306346,garbage,2026-05-08 07:00:39
123829,38.2243048,21.7557358,garbage,2026-05-08 07:04:45
123830,38.208633038325,21.725988686588,garbage,2026-05-08 07:28:38
123833,38.308503797406,21.798216104507,garbage,2026-05-08 07:48:32
123834,38.2502656,21.7457419,garbage,2026-05-08 07:49:40
123837,38.2664618,21.7567505,garbage,2026-05-08 08:40:56
123838,38.217390610855,21.741642951965,garbage,2026-05-08 08:44:11
123839,38.213718028562,21.743000149727,garbage,2026-05-08 08:45:34
123840,38.243248927461,21.743320871253,garbage,2026-05-08 08:48:07
123841,38.2109705,21.7410121,garbage,2026-05-08 09:11:18
123848,38.2325649,21.7341724,garbage,2026-05-08 10:20:45
123849,38.2256237,21.7280116,garbage,2026-05-08 10:24:50
123850,38.2267836,21.7310858,garbage,2026-05-08 10:28:19
123851,38.2281053,21.728137,garbage,2026-05-08 10:30:58
123852,38.289111344649,21.767608950976,garbage,2026-05-08 10:35:57
123853,38.2281598,21.7289047,garbage,2026-05-08 10:37:08
123854,38.2380929,21.7389171,garbage,2026-05-08 11:48:51
123856,38.322231999419,21.872890790201,garbage,2026-05-08 13:32:26
123858,38.27053562494,21.753900647163,garbage,2026-05-08 15:28:52
123862,38.2140044,21.7545426,garbage,2026-05-08 16:27:39
123868,38.239385508926,21.737804048768,garbage,2026-05-08 20:25:43
123870,38.240643670199,21.756599615881,garbage,2026-05-08 20:29:04
123871,38.23010304297,21.743123531342,garbage,2026-05-08 20:34:13
123875,38.252137950689,21.737877130508,garbage,2026-05-09 06:34:45
123876,38.219095024623,21.755336176292,garbage,2026-05-09 07:06:33
123878,38.285599702464,21.804943084717,garbage,2026-05-09 07:27:34
123879,38.3036275,21.7826092,garbage,2026-05-09 07:28:52
123880,38.304752719922,21.782627105713,garbage,2026-05-09 07:32:27
123881,38.213684986065,21.743033924463,garbage,2026-05-09 07:59:59
123882,38.21969348664,21.755872579807,garbage,2026-05-09 08:27:33
123884,38.242349,21.7387758,garbage,2026-05-09 09:19:27
123888,38.264920516941,21.745156559105,garbage,2026-05-09 11:10:41
123889,38.264921359309,21.745159864573,garbage,2026-05-09 11:13:04
123891,38.2628264,21.7558941,garbage,2026-05-09 13:25:00
123892,38.2628264,21.7558941,garbage,2026-05-09 13:26:06
123901,38.215545541532,21.74108100729,garbage,2026-05-09 16:49:00
123902,38.186886422079,21.73084706068,garbage,2026-05-09 16:51:07
123904,38.242210511889,21.74202013765,garbage,2026-05-09 17:12:23
123906,38.2564368,21.7418463,garbage,2026-05-09 17:48:23
123907,38.2406166,21.7333213,garbage,2026-05-09 17:53:11
123911,38.2595091,21.7573947,garbage,2026-05-10 05:43:51
123912,38.309342354412,21.793480696944,garbage,2026-05-10 07:56:41
123914,38.23960237135,21.728138434177,garbage,2026-05-10 08:00:54
123916,38.2453443,21.7313107,garbage,2026-05-10 09:39:05
123925,38.223541897171,21.735498025212,garbage,2026-05-10 11:39:49
123926,38.239944120908,21.761578702201,garbage,2026-05-10 11:40:17
123927,38.251798689452,21.744328289327,garbage,2026-05-10 12:26:54
123928,38.25161271555,21.74650197571,garbage,2026-05-10 12:29:10
123929,38.252365147985,21.743864739395,garbage,2026-05-10 12:30:17
123935,38.2337741,21.729637,garbage,2026-05-10 15:26:47
123936,38.2340914,21.7299873,garbage,2026-05-10 16:46:59
123941,38.246837682258,21.741327135523,garbage,2026-05-11 05:26:35
123942,38.2255288,21.7321202,garbage,2026-05-11 05:42:00
123943,38.3153704,21.8160527,garbage,2026-05-11 05:46:49
123945,38.2411436,21.743518,garbage,2026-05-11 05:53:10
123946,38.216119,21.7231117,garbage,2026-05-11 06:08:14
123947,38.2421944,21.7604909,garbage,2026-05-11 06:19:22
123948,38.259439713127,21.738467216492,garbage,2026-05-11 06:25:10
123949,38.2698579,21.7419953,garbage,2026-05-11 06:26:17
123950,38.282895316989,21.762744784355,garbage,2026-05-11 06:28:12
123952,38.2371888,21.7435251,garbage,2026-05-11 06:30:03
123953,38.2160755,21.723173,garbage,2026-05-11 06:34:44
123954,38.2914965,21.7675774,garbage,2026-05-11 06:47:01
123955,38.2454458,21.7400723,garbage,2026-05-11 06:48:54
123956,38.2708972,21.755818,garbage,2026-05-11 06:51:47
123959,38.2166664,21.7382332,garbage,2026-05-11 07:07:58
123960,38.214623,21.7206562,garbage,2026-05-11 07:12:00
123961,38.2698108,21.7577315,garbage,2026-05-11 07:17:30
123962,38.26911126032,21.750344614602,garbage,2026-05-11 07:32:30
123964,38.2424263,21.7477505,garbage,2026-05-11 07:34:23
123965,38.2293524,21.72781,garbage,2026-05-11 07:39:56
123966,38.231387160843,21.755222771289,garbage,2026-05-11 07:53:55
123968,38.2395898,21.7307551,garbage,2026-05-11 08:01:14
123969,38.2405705,21.7298814,garbage,2026-05-11 08:02:09
123970,38.311859850174,21.80551670472,garbage,2026-05-11 08:18:04
123971,38.310392344087,21.795532414026,garbage,2026-05-11 08:20:16
123972,38.232329063288,21.753010167839,garbage,2026-05-11 08:21:05
123974,38.31221372224,21.809140748902,garbage,2026-05-11 08:24:19
123976,38.2681147,21.7502633,garbage,2026-05-11 08:48:35
123978,38.2328817,21.7509233,garbage,2026-05-11 09:09:08
123979,38.2374371,21.7298849,garbage,2026-05-11 09:21:21
123982,38.2794927,21.7630692,garbage,2026-05-11 10:15:02
123985,38.187291491424,21.704866004733,garbage,2026-05-11 10:52:03
123987,38.2173533,21.7554408,garbage,2026-05-11 11:21:47
123988,38.226756975812,21.767941969331,garbage,2026-05-11 11:29:55
123991,38.2711801,21.7422628,garbage,2026-05-11 11:41:38
123993,38.235845899195,21.735072308524,garbage,2026-05-11 12:20:04
123994,38.235748439316,21.735067703864,garbage,2026-05-11 12:35:38
123997,38.236018384104,21.738291540103,garbage,2026-05-11 14:43:28
123998,38.247572290285,21.742375267478,garbage,2026-05-11 16:18:35
124007,38.19020275626,21.694906916455,garbage,2026-05-11 18:13:31
124008,38.191230036875,21.69475868403,garbage,2026-05-11 18:14:23
124009,38.190103574529,21.691555420066,garbage,2026-05-11 18:15:39
124010,38.191895730422,21.693572456339,garbage,2026-05-11 18:16:54
124016,38.195937873545,21.761081495847,garbage,2026-05-11 21:39:47
124018,38.230503179194,21.727153658867,garbage,2026-05-12 05:09:39
124019,38.2350262,21.7356734,garbage,2026-05-12 05:20:05
124020,38.247673679675,21.742847673958,garbage,2026-05-12 05:44:36
124021,38.2452113,21.7517581,garbage,2026-05-12 05:47:18
124022,38.2659225,21.7512223,garbage,2026-05-12 05:48:14
124023,38.234539588662,21.751196980476,garbage,2026-05-12 05:49:13
124024,38.2662421,21.7489932,garbage,2026-05-12 05:49:33
124025,38.2638061,21.7446395,garbage,2026-05-12 05:51:24
124026,38.235237496217,21.751161217744,garbage,2026-05-12 05:52:47
124027,38.2443363,21.7526759,garbage,2026-05-12 05:53:56
124028,38.252260959852,21.740260533459,garbage,2026-05-12 06:09:54
124030,38.2272142,21.7429074,garbage,2026-05-12 06:23:25
124033,38.2300247,21.7327936,garbage,2026-05-12 06:42:01
124035,38.2295943,21.749401,garbage,2026-05-12 06:48:26
124036,38.2263119,21.7436254,garbage,2026-05-12 06:49:25
124038,38.2238448,21.7408633,garbage,2026-05-12 06:55:07
124040,38.2405545,21.7288848,garbage,2026-05-12 07:02:57
124041,38.231861350743,21.744800432457,garbage,2026-05-12 07:07:23
124042,38.2673619,21.7411174,garbage,2026-05-12 07:26:20
124046,38.2245477,21.7463014,garbage,2026-05-12 07:42:44
124048,38.2333472,21.7354837,garbage,2026-05-12 07:55:04
124050,38.2296419,21.7303795,garbage,2026-05-12 08:01:59
124054,38.259576,21.7394092,garbage,2026-05-12 08:22:52
124057,38.1979381,21.6974262,garbage,2026-05-12 08:40:13
124058,38.235047082092,21.738274097443,garbage,2026-05-12 08:42:34
124059,38.2344996,21.7425769,garbage,2026-05-12 08:43:23
124060,38.2353002,21.7362101,garbage,2026-05-12 08:44:02
124061,38.23975,21.7514882,garbage,2026-05-12 08:52:55
124062,38.2323057,21.7528926,garbage,2026-05-12 08:53:42
124063,38.264379141192,21.768042834679,garbage,2026-05-12 08:58:52
124065,38.2116462,21.7496046,garbage,2026-05-12 09:15:17
124067,38.2651758,21.7647341,garbage,2026-05-12 09:22:54
124068,38.2383759,21.7290263,garbage,2026-05-12 09:26:02
124071,38.223718110044,21.740559339523,garbage,2026-05-12 09:41:22
124072,38.223702657641,21.74181997776,garbage,2026-05-12 09:42:27
124074,38.250287,21.7460733,garbage,2026-05-12 09:46:30
124076,38.2422359,21.7458728,garbage,2026-05-12 10:54:02
124080,38.2259639,21.7453907,garbage,2026-05-12 11:29:10
124093,38.258245328322,21.74536049366,garbage,2026-05-12 15:17:21
124094,38.255866835163,21.745918393135,garbage,2026-05-12 15:21:12
124098,38.2572664,21.7437333,garbage,2026-05-12 16:25:12
124099,38.186762605831,21.730802535994,garbage,2026-05-12 16:29:23
124104,38.227044359258,21.764090369777,garbage,2026-05-12 18:08:48
124109,38.2766723,21.7564124,garbage,2026-05-12 19:50:16
124110,38.242334466101,21.737447977066,garbage,2026-05-12 21:22:29
124111,38.2524426,21.7409254,garbage,2026-05-13 05:25:29
124112,38.242892534355,21.742223082201,garbage,2026-05-13 05:27:30
124113,38.242910482864,21.742241830759,garbage,2026-05-13 05:29:20
124115,38.261935362277,21.768435767308,garbage,2026-05-13 05:57:30
124116,38.259569,21.7467882,garbage,2026-05-13 06:04:13
124117,38.2575968,21.7455074,garbage,2026-05-13 06:06:24
124119,38.2207076,21.7397634,garbage,2026-05-13 06:18:25
124123,38.233267067232,21.731732189655,garbage,2026-05-13 07:12:17
124124,38.26182187991,21.768355170638,garbage,2026-05-13 08:03:03
124126,38.238783624342,21.752339124714,garbage,2026-05-13 08:32:35
124127,38.239814663267,21.761461165734,garbage,2026-05-13 08:48:08
124128,38.2426463,21.748038,garbage,2026-05-13 09:15:59
124130,38.260785506726,21.757950782776,garbage,2026-05-13 09:35:11
124131,38.260844344638,21.75802052021,garbage,2026-05-13 09:37:50
124132,38.2113688,21.7403394,garbage,2026-05-13 09:44:09
124133,38.247460996851,21.754335165024,garbage,2026-05-13 09:48:03
124135,38.196964243253,21.698219007916,garbage,2026-05-13 10:54:25
124138,38.2654642,21.7510269,garbage,2026-05-13 11:11:56
124143,38.2262257,21.7444237,garbage,2026-05-13 12:26:51
124145,38.273798245331,21.751255989075,garbage,2026-05-13 12:31:02
124149,38.2898212,21.7764825,garbage,2026-05-13 12:57:53
124156,38.269648502322,21.755692560547,garbage,2026-05-13 16:23:33
124163,38.185302282439,21.729503915989,garbage,2026-05-13 19:12:08
124164,38.185314,21.7294759,garbage,2026-05-13 19:15:58
124171,38.161598738501,21.730415934675,garbage,2026-05-14 04:33:35
124172,38.281545493725,21.771032858779,garbage,2026-05-14 04:57:41
124175,38.2285239,21.7537492,garbage,2026-05-14 05:58:21
124176,38.2368783,21.7268995,garbage,2026-05-14 06:03:25
124179,38.2265351,21.728167,garbage,2026-05-14 06:30:47
124180,38.2212737,21.7334871,garbage,2026-05-14 06:40:06
124182,38.2571547,21.746957,garbage,2026-05-14 06:47:49
124183,38.2304975,21.7675427,garbage,2026-05-14 06:57:48
124188,38.2389189,21.7333369,garbage,2026-05-14 07:13:50
124190,38.2482929,21.748636,garbage,2026-05-14 07:32:13
124192,38.2607111,21.7419222,garbage,2026-05-14 07:40:15
124193,38.323397357604,21.850434928787,garbage,2026-05-14 07:51:24
124194,38.290407655854,21.774174859756,garbage,2026-05-14 07:55:25
124196,38.2741849,21.759395,garbage,2026-05-14 09:09:59
124199,38.246493577924,21.752066016197,garbage,2026-05-14 09:52:27
124202,38.2385579,21.7389524,garbage,2026-05-14 10:17:28
124209,38.234764321706,21.740151296281,garbage,2026-05-14 13:19:33
124216,38.231156522384,21.741809248924,garbage,2026-05-14 19:29:09
124220,38.238171692892,21.738982200623,garbage,2026-05-14 20:25:45
124222,38.2269067,21.7510401,garbage,2026-05-14 20:43:56
124223,38.2593719,21.7401356,garbage,2026-05-15 03:07:22
124224,38.242106996239,21.752895832224,garbage,2026-05-15 03:44:22
124225,38.266855275099,21.741636002434,garbage,2026-05-15 05:17:58
124229,38.2217324,21.735927,garbage,2026-05-15 05:52:18
124230,38.234612375326,21.75115942955,garbage,2026-05-15 05:57:45
124231,38.2268275,21.7312679,garbage,2026-05-15 06:00:22
124232,38.235331502092,21.751170158386,garbage,2026-05-15 06:00:58
124233,38.2701212,21.7448578,garbage,2026-05-15 06:04:49
124235,38.2272142,21.7429074,garbage,2026-05-15 06:15:03
124237,38.2685044,21.7506303,garbage,2026-05-15 06:19:55
124238,38.2681692,21.7432141,garbage,2026-05-15 06:23:26
124239,38.30852,21.794675,garbage,2026-05-15 06:31:21
124241,38.2693006,21.7441881,garbage,2026-05-15 06:35:44
124242,38.2650261,21.764817,garbage,2026-05-15 06:41:59
124243,38.245210595583,21.73066877444,garbage,2026-05-15 07:09:00
124247,38.3084067,21.794942,garbage,2026-05-15 07:19:42
124248,38.2674072,21.7606205,garbage,2026-05-15 07:19:50
124249,38.30189230337,21.79564418453,garbage,2026-05-15 07:21:37
124250,38.3046798,21.7930161,garbage,2026-05-15 07:23:33
124251,38.266067830317,21.73939704895,garbage,2026-05-15 07:25:43
124252,38.3060974,21.791382,garbage,2026-05-15 07:27:24
124262,38.24260271537,21.74785890896,garbage,2026-05-15 08:52:55
124266,38.164343197315,21.66747017867,garbage,2026-05-15 09:11:27
124267,38.274961953404,21.79214678927,garbage,2026-05-15 09:45:37
124268,38.238856121577,21.756426916331,garbage,2026-05-15 09:47:49
124269,38.2397392,21.7549128,garbage,2026-05-15 09:50:13
124272,38.233803362009,21.745129905248,garbage,2026-05-15 10:33:41
124274,38.276468918428,21.759473383427,garbage,2026-05-15 11:03:48
124277,38.216824888757,21.791232880958,garbage,2026-05-15 11:47:44
124278,38.264591168736,21.738799278356,garbage,2026-05-15 12:08:32
124280,38.252201725916,21.7436598466,garbage,2026-05-15 14:39:48
124281,38.249188754578,21.739573058868,garbage,2026-05-15 14:44:34
124285,38.253385,21.7408515,garbage,2026-05-15 16:09:30
124286,38.2267194,21.7678132,garbage,2026-05-15 16:48:16
124287,38.2329864,21.7489329,garbage,2026-05-15 17:00:55
124290,38.233491218896,21.731058955193,garbage,2026-05-15 17:32:05
124294,38.222846435431,21.73318774949,garbage,2026-05-15 18:29:21
124298,38.2628107,21.7558897,garbage,2026-05-15 19:03:12
124300,38.301983364997,21.782613525075,garbage,2026-05-15 19:32:57
124304,38.2701212,21.7448578,garbage,2026-05-15 20:37:46
124305,38.269193325969,21.744673848152,garbage,2026-05-15 20:47:06
124307,38.2558089,21.7440417,garbage,2026-05-16 03:58:17
124308,38.243932,21.7391097,garbage,2026-05-16 04:04:28
124309,38.2434349,21.7320814,garbage,2026-05-16 05:27:20
124310,38.2187683,21.7282768,garbage,2026-05-16 06:22:08
124311,38.304434550636,21.777811075578,garbage,2026-05-16 06:35:06
124312,38.271706839658,21.749799648388,garbage,2026-05-16 06:35:13
124314,38.2660614,21.7514764,garbage,2026-05-16 06:49:33
124315,38.259569,21.7467882,garbage,2026-05-16 06:50:44
124316,38.2391017,21.7343292,garbage,2026-05-16 07:04:23
124317,38.240919074992,21.757883558514,garbage,2026-05-16 07:06:39
124319,38.303210974688,21.779265779068,garbage,2026-05-16 07:43:28
124320,38.298179027759,21.788330135373,garbage,2026-05-16 07:46:53
124321,38.2990751,21.7785458,garbage,2026-05-16 07:49:35
124322,38.293716569135,21.782590474877,garbage,2026-05-16 07:50:47
124323,38.296891173793,21.783481237583,garbage,2026-05-16 07:52:41
124324,38.265568057979,21.761429748035,garbage,2026-05-16 09:01:48
124330,38.239877278944,21.734282970428,garbage,2026-05-16 14:30:16
124331,38.2620044,21.7482865,garbage,2026-05-16 15:02:55
124335,38.218986480719,21.753844849273,garbage,2026-05-16 17:12:46
124336,38.213548003349,21.749566149961,garbage,2026-05-16 17:14:46
124337,38.213262486842,21.748640894026,garbage,2026-05-16 17:16:05
124338,38.218305812631,21.753419242504,garbage,2026-05-16 17:17:16
124339,38.228374359806,21.729274079072,garbage,2026-05-16 17:52:00
124351,38.232540720512,21.74402746429,garbage,2026-05-17 09:41:47
124355,38.241369634016,21.736596243289,garbage,2026-05-17 11:52:58
124356,38.241378903258,21.736597538281,garbage,2026-05-17 11:55:07
124357,38.238112704514,21.738939285278,garbage,2026-05-17 12:02:07
124360,38.257927907777,21.740599487847,garbage,2026-05-17 12:25:15
124361,38.247699016754,21.732705716277,garbage,2026-05-17 12:34:48
124363,38.2362087,21.7468704,garbage,2026-05-17 13:10:20
124364,38.202619446726,21.74067735672,garbage,2026-05-17 13:43:28
124365,38.2312312,21.7417447,garbage,2026-05-17 13:44:14
124368,38.2150561,21.7521265,garbage,2026-05-17 15:10:27
124369,38.225201713822,21.746953725815,garbage,2026-05-17 15:44:04
124370,38.225210374421,21.746964454651,garbage,2026-05-17 15:49:25
124371,38.236775621788,21.757399141788,garbage,2026-05-17 16:56:07
124372,38.2339,21.7453303,garbage,2026-05-17 17:08:58
124373,38.2339,21.7453303,garbage,2026-05-17 17:10:38
124378,38.219247551428,21.73878230043,garbage,2026-05-17 18:04:09
124379,38.219273257175,21.738816454586,garbage,2026-05-17 18:07:24
124389,38.268601112466,21.759969621276,garbage,2026-05-17 20:43:33
124390,38.2458795,21.7424929,garbage,2026-05-18 03:15:09
124391,38.259935906596,21.742522716522,garbage,2026-05-18 03:19:23
124393,38.2607111,21.7419222,garbage,2026-05-18 05:14:11
124394,38.2621734,21.74846,garbage,2026-05-18 05:16:43
124398,38.2575364,21.7450158,garbage,2026-05-18 05:52:50
124399,38.2378527,21.7338012,garbage,2026-05-18 05:53:38
124400,38.2300482,21.7453901,garbage,2026-05-18 05:58:16
124401,38.2227323,21.7468979,garbage,2026-05-18 05:58:40
124402,38.254978022776,21.740581549759,garbage,2026-05-18 06:04:11
124403,38.247545,21.7420739,garbage,2026-05-18 06:05:17
124407,38.2295323,21.7307629,garbage,2026-05-18 06:17:17
124409,38.2353185,21.7416996,garbage,2026-05-18 06:25:45
124410,38.221537685336,21.748369885139,garbage,2026-05-18 06:26:15
124412,38.228599620164,21.745666265488,garbage,2026-05-18 06:29:57
124413,38.2356127,21.7277133,garbage,2026-05-18 06:31:13
124414,38.226703334846,21.765675544739,garbage,2026-05-18 06:54:52
124415,38.2343794,21.7424199,garbage,2026-05-18 06:57:32
124416,38.2343687,21.7417029,garbage,2026-05-18 06:58:13
124417,38.2347081,21.7409262,garbage,2026-05-18 06:58:51
124418,38.2336834,21.74061,garbage,2026-05-18 06:59:33
124419,38.23532,21.7432171,garbage,2026-05-18 07:00:24
124420,38.271849771641,21.83554720281,garbage,2026-05-18 07:01:26
124421,38.2023879,21.7077382,garbage,2026-05-18 07:02:54
124422,38.2781834,21.7912197,garbage,2026-05-18 07:03:49
124424,38.2775093,21.7653914,garbage,2026-05-18 07:13:46
124425,38.2362695,21.7518778,garbage,2026-05-18 07:14:32
124426,38.2341382,21.7539247,garbage,2026-05-18 07:16:49
124427,38.2647282,21.7526261,garbage,2026-05-18 07:18:26
124428,38.2270134,21.7454734,garbage,2026-05-18 07:21:03
124429,38.200714446766,21.740430593491,garbage,2026-05-18 07:27:47
124432,38.1758393,21.6770852,garbage,2026-05-18 07:41:55
124433,38.281635399142,21.763894557953,garbage,2026-05-18 07:55:30
124435,38.26469,21.7576883,garbage,2026-05-18 08:03:52
124436,38.230393,21.7299915,garbage,2026-05-18 08:10:34
124437,38.2268042,21.729162,garbage,2026-05-18 08:26:19
124438,38.2377299,21.7340566,garbage,2026-05-18 08:31:36
124440,38.2159689,21.74806,garbage,2026-05-18 08:39:21
124441,38.23532,21.7432171,garbage,2026-05-18 08:44:50
124443,38.240439,21.7294691,garbage,2026-05-18 08:48:14
124445,38.212999243248,21.723090634352,garbage,2026-05-18 08:48:22
124446,38.296002989531,21.791479301327,garbage,2026-05-18 09:12:35
124449,38.276914411087,21.792610943475,garbage,2026-05-18 09:17:37
124451,38.299425071036,21.79976368957,garbage,2026-05-18 09:20:59
124452,38.2319474,21.7300489,garbage,2026-05-18 09:21:43
124454,38.3109428,21.8124566,garbage,2026-05-18 09:26:35
124457,38.2412969,21.7365311,garbage,2026-05-18 09:30:02
124458,38.3017637,21.7757706,garbage,2026-05-18 09:37:23
124459,38.2358505,21.7451793,garbage,2026-05-18 10:08:41
124461,38.306755776987,21.794408256308,garbage,2026-05-18 10:26:19
124462,38.2374244,21.7545668,garbage,2026-05-18 10:27:48
124465,38.233837075788,21.745140692328,garbage,2026-05-18 10:38:26
124467,38.2393265,21.7433394,garbage,2026-05-18 10:47:56
124474,38.326565595774,21.847905576665,garbage,2026-05-18 15:19:56
124475,38.228969501668,21.746792793274,garbage,2026-05-18 16:38:37
124479,38.225866537293,21.728246212006,garbage,2026-05-18 17:44:55
124489,38.258174328581,21.745374757419,garbage,2026-05-18 20:10:28
124490,38.261344954347,21.744199608398,garbage,2026-05-19 03:28:49
124491,38.2612113,21.7443463,garbage,2026-05-19 03:32:16
124492,38.25789046287,21.740723848343,garbage,2026-05-19 04:11:54
124493,38.299959483673,21.781505963476,garbage,2026-05-19 05:46:50
124495,38.298468897236,21.78357795711,garbage,2026-05-19 05:48:15
124496,38.299930040027,21.781485818985,garbage,2026-05-19 05:51:01
124500,38.250960770993,21.745043649603,garbage,2026-05-19 05:55:30
124505,38.2303627,21.7431878,garbage,2026-05-19 06:33:52
124506,38.2334847,21.7408738,garbage,2026-05-19 06:37:18
124507,38.1860472,21.7294256,garbage,2026-05-19 06:39:03
124509,38.2338123,21.7544607,garbage,2026-05-19 06:49:23
124511,38.206054535767,21.728610108928,garbage,2026-05-19 06:54:24
124512,38.2379119,21.7328012,garbage,2026-05-19 06:55:58
124513,38.2544137,21.739347,garbage,2026-05-19 07:01:29
124517,38.2602962,21.7482709,garbage,2026-05-19 07:20:48
124519,38.2600606,21.7476542,garbage,2026-05-19 07:21:52
124520,38.148595501311,21.724999214288,garbage,2026-05-19 07:23:03
124522,38.2590614,21.7465775,garbage,2026-05-19 07:25:18
124523,38.240630210733,21.727288915595,garbage,2026-05-19 07:25:39
124524,38.247775126533,21.743006358276,garbage,2026-05-19 07:27:24
124527,38.232102,21.7392714,garbage,2026-05-19 07:44:54
124530,38.1964143,21.7380707,garbage,2026-05-19 09:06:52
124531,38.246522425242,21.747474074364,garbage,2026-05-19 09:16:24
124533,38.2222767,21.7445675,garbage,2026-05-19 09:45:50
124534,38.268430817297,21.748010516167,garbage,2026-05-19 09:52:28
124535,38.2719808,21.7498697,garbage,2026-05-19 09:56:29
124536,38.2680887,21.7522048,garbage,2026-05-19 10:02:06
124540,38.212183078263,21.735411037214,garbage,2026-05-19 12:58:24
124556,38.208684597407,21.725914478302,garbage,2026-05-19 18:58:56
124562,38.208266024191,21.712992975037,garbage,2026-05-19 20:00:13
124564,38.259294783666,21.745392599429,garbage,2026-05-19 21:19:10
124565,38.233299372549,21.731789410114,garbage,2026-05-20 05:08:09
124566,38.2581577,21.7526584,garbage,2026-05-20 05:37:44
124568,38.19775421213,21.716258525848,garbage,2026-05-20 05:46:51
124572,38.2573005,21.747852,garbage,2026-05-20 06:11:10
124575,38.2409055,21.7400044,garbage,2026-05-20 06:23:00
124577,38.2361074,21.7387282,garbage,2026-05-20 06:31:32
124582,38.261319486542,21.755613224789,garbage,2026-05-20 06:57:09
124583,38.2398261,21.7342942,garbage,2026-05-20 06:57:38
124584,38.2630265,21.7393495,garbage,2026-05-20 07:02:51
124586,38.240275,21.7331933,garbage,2026-05-20 07:18:28
124587,38.278945915059,21.764003870892,garbage,2026-05-20 07:20:13
124588,38.2350439,21.7407941,garbage,2026-05-20 07:27:40
124593,38.299332511937,21.823710555452,garbage,2026-05-20 07:45:23
124594,38.276176283317,21.75840139389,garbage,2026-05-20 07:52:51
124595,38.312432438827,21.808724305875,garbage,2026-05-20 07:57:17
124597,38.216352841949,21.741387341421,garbage,2026-05-20 08:09:56
124599,38.2016696,21.7459784,garbage,2026-05-20 08:13:33
124601,38.216258660664,21.741219162941,garbage,2026-05-20 09:23:40
124603,38.2192678,21.7306227,garbage,2026-05-20 09:40:01
124605,38.270851126627,21.774367413926,garbage,2026-05-20 09:42:14
124607,38.2458625,21.7421932,garbage,2026-05-20 09:45:26
124609,38.234518,21.7511419,garbage,2026-05-20 09:53:26
124611,38.2586081,21.7453103,garbage,2026-05-20 10:32:44
124615,38.216292992814,21.741323164915,garbage,2026-05-20 12:14:29
124621,38.26437548076,21.767975545638,garbage,2026-05-20 14:25:21
124627,38.197734,21.7033202,garbage,2026-05-20 15:02:41
124629,38.2384807,21.7469121,garbage,2026-05-20 15:21:03
124631,38.2421974,21.7422087,garbage,2026-05-20 17:43:07
124635,38.235267521791,21.751143336296,garbage,2026-05-20 18:22:57
124636,38.2367368,21.7472208,garbage,2026-05-20 18:24:02
124638,38.232842371628,21.737470464885,garbage,2026-05-20 19:48:19
124640,38.2540238,21.7415861,garbage,2026-05-21 04:49:54
124641,38.220673220892,21.739802956581,garbage,2026-05-21 05:03:27
124642,38.243547,21.7501106,garbage,2026-05-21 05:19:57
124647,38.26547957473,21.764557957649,garbage,2026-05-21 05:56:26
124648,38.2385591,21.7349409,garbage,2026-05-21 05:57:38
124650,38.2650261,21.764817,garbage,2026-05-21 06:05:55
124651,38.2035804,21.7474475,garbage,2026-05-21 06:12:59
124652,38.2236902,21.7353431,garbage,2026-05-21 06:18:01
124653,38.199151960941,21.762535447569,garbage,2026-05-21 06:25:17
124654,38.228951,21.7404877,garbage,2026-05-21 06:45:23
124655,38.19131,21.75743,garbage,2026-05-21 06:51:59
124657,38.2370902,21.7303058,garbage,2026-05-21 06:59:46
124659,38.2684029,21.7463242,garbage,2026-05-21 07:08:38
124660,38.2137909,21.7387927,garbage,2026-05-21 07:14:05
124663,38.2399933,21.7434977,garbage,2026-05-21 07:34:23
124666,38.2550062,21.7427417,garbage,2026-05-21 08:06:50
124667,38.26469,21.7576883,garbage,2026-05-21 08:10:16
124671,38.26007,21.759134,garbage,2026-05-21 08:29:51
124672,38.2334612,21.7593365,garbage,2026-05-21 08:38:21
124673,38.259569,21.7467882,garbage,2026-05-21 09:05:17
124674,38.254906370417,21.740537881851,garbage,2026-05-21 09:09:25
124676,38.2252526,21.7666494,garbage,2026-05-21 09:22:39
124677,38.225561190927,21.76615696416,garbage,2026-05-21 09:23:01
124678,38.226375982884,21.765950227352,garbage,2026-05-21 09:23:23
124679,38.2327863,21.737044,garbage,2026-05-21 09:29:23
124682,38.281768,21.7646682,garbage,2026-05-21 09:54:12
124685,38.210448555308,21.750347614275,garbage,2026-05-21 10:09:58
124686,38.24583,21.7356656,garbage,2026-05-21 10:09:59
124688,38.2557543,21.741397,garbage,2026-05-21 10:16:03
124689,38.2348268,21.7518638,garbage,2026-05-21 10:49:59
124691,38.2997582,21.7818507,garbage,2026-05-21 12:55:16
124694,38.245252307636,21.736349643014,garbage,2026-05-21 17:23:40
124697,38.24871495392,21.737188191532,garbage,2026-05-21 17:44:40
124698,38.273657543631,21.755797592822,garbage,2026-05-21 18:14:14
124707,38.317643940435,21.818448018902,garbage,2026-05-22 04:00:06
124708,38.3154288,21.8162867,garbage,2026-05-22 04:01:49
124709,38.315160130333,21.809439174733,garbage,2026-05-22 04:11:05
124713,38.2291415,21.7467306,garbage,2026-05-22 05:38:27
124715,38.2655418,21.7617921,garbage,2026-05-22 05:44:07
124718,38.3045577,21.7813786,garbage,2026-05-22 06:06:37
124723,38.316030394316,21.813022082493,garbage,2026-05-22 06:20:05
124724,38.25757,21.7515954,garbage,2026-05-22 06:53:15
124725,38.2302556,21.7550503,garbage,2026-05-22 06:57:06
124727,38.2278998,21.7519016,garbage,2026-05-22 07:01:52
124730,38.2412781,21.7374677,garbage,2026-05-22 07:29:54
124736,38.2595091,21.7573947,garbage,2026-05-22 08:24:58
124739,38.317668675529,21.818143648334,garbage,2026-05-22 08:38:33
124740,38.2374047,21.7345686,garbage,2026-05-22 08:43:38
124743,38.26469,21.7576883,garbage,2026-05-22 09:04:47
124744,38.2153216,21.7655467,garbage,2026-05-22 09:19:01
124745,38.2713054,21.8352154,garbage,2026-05-22 09:30:39
124749,38.2775093,21.7653914,garbage,2026-05-22 09:49:18
124750,38.2575968,21.7455074,garbage,2026-05-22 09:52:34
124752,38.249463105494,21.736234954572,garbage,2026-05-22 10:13:33
124753,38.25860083992,21.756149400223,garbage,2026-05-22 10:14:15
124754,38.235888078212,21.738348665231,garbage,2026-05-22 10:26:08
124755,38.2205338,21.7355333,garbage,2026-05-22 11:01:43
124756,38.2288888,21.7466415,garbage,2026-05-22 11:28:39
124760,38.228976927957,21.740447477607,garbage,2026-05-22 13:27:12
124762,38.287681591994,21.764980462933,garbage,2026-05-22 14:02:21
124763,38.258233274285,21.745306762539,garbage,2026-05-22 14:23:08
124764,38.236199640705,21.749609028941,garbage,2026-05-22 14:42:35
124767,38.2578056,21.741493,garbage,2026-05-22 16:17:37
124773,38.243649819223,21.727078048801,garbage,2026-05-22 18:16:21
124774,38.245290473961,21.734515020674,garbage,2026-05-22 18:24:15
124776,38.215886240455,21.746299266815,garbage,2026-05-22 18:48:27
124778,38.23151316983,21.754533648491,garbage,2026-05-22 19:32:52
124779,38.258055226469,21.745210289955,garbage,2026-05-22 19:34:33
124784,38.215956966009,21.765348820597,garbage,2026-05-23 05:19:17
124785,38.216375635257,21.768614478182,garbage,2026-05-23 05:26:03
124786,38.306161867393,21.786757707596,garbage,2026-05-23 06:41:13
124788,38.235933392073,21.738238167615,garbage,2026-05-23 07:00:36
124790,38.293977646833,21.779692415197,garbage,2026-05-23 08:00:35
124791,38.29701747421,21.785744573321,garbage,2026-05-23 08:02:20
124792,38.2963203,21.7779425,garbage,2026-05-23 08:03:42
124795,38.235733382077,21.727537220483,garbage,2026-05-23 08:45:48
124796,38.2701212,21.7448578,garbage,2026-05-23 09:19:35
124798,38.287096022193,21.770970225334,garbage,2026-05-23 10:02:29
124799,38.235279662865,21.744288542996,garbage,2026-05-23 10:25:29
124806,38.230405929671,21.751559078693,garbage,2026-05-23 12:53:36
124811,38.266028465673,21.764810927853,garbage,2026-05-23 16:43:37
124816,38.239949853595,21.743531811619,garbage,2026-05-23 17:12:59
124818,38.246193095928,21.73513320965,garbage,2026-05-23 17:21:17
124822,38.265330612561,21.756990964169,garbage,2026-05-23 19:13:24
124824,38.237490973052,21.748327780786,garbage,2026-05-23 20:00:53
124828,38.2433784,21.7300953,garbage,2026-05-24 00:34:40
124829,38.2600606,21.7476542,garbage,2026-05-24 05:10:30
124830,38.259569,21.7467882,garbage,2026-05-24 05:11:46
124831,38.2694972,21.7568731,garbage,2026-05-24 05:15:18
124832,38.2685741,21.7582064,garbage,2026-05-24 05:17:01
124833,38.2644866,21.7502955,garbage,2026-05-24 05:23:36
124834,38.2631173,21.7496209,garbage,2026-05-24 05:26:11
124836,38.268015925788,21.75628960136,garbage,2026-05-24 06:19:21
124837,38.2723744,21.7438893,garbage,2026-05-24 07:51:35
124838,38.225473,21.7590902,garbage,2026-05-24 08:51:08
124842,38.219253024222,21.754628032432,garbage,2026-05-24 10:18:56
124843,38.2734087,21.7532773,garbage,2026-05-24 10:44:45
124844,38.238653,21.7360542,garbage,2026-05-24 11:00:44
124849,38.286899676436,21.762518499916,garbage,2026-05-24 13:35:19
124852,38.213573318499,21.731092122682,garbage,2026-05-24 16:14:10
124853,38.214039203772,21.731239007584,garbage,2026-05-24 16:15:23
124862,38.254697002562,21.745567646228,garbage,2026-05-24 23:06:59
124865,38.236653253614,21.757501698086,garbage,2026-05-25 05:17:14
124866,38.2140256,21.7526101,garbage,2026-05-25 05:19:08
124867,38.2140256,21.7526101,garbage,2026-05-25 05:31:23
124868,38.256639,21.7464746,garbage,2026-05-25 05:32:19
124869,38.2641649,21.7510169,garbage,2026-05-25 05:36:36
124871,38.3130039,21.8170067,garbage,2026-05-25 05:58:38
124872,38.322332412832,21.850311449461,garbage,2026-05-25 06:01:10
124873,38.2510472,21.7446897,garbage,2026-05-25 06:01:25
124874,38.2714215,21.7440445,garbage,2026-05-25 06:02:58
124876,38.2281411,21.7501299,garbage,2026-05-25 06:08:30
124877,38.2996384,21.7848858,garbage,2026-05-25 06:15:23
124878,38.2304892,21.7307054,garbage,2026-05-25 06:15:40
124879,38.2311555,21.7293588,garbage,2026-05-25 06:17:06
124882,38.2406613,21.7421413,garbage,2026-05-25 06:34:59
124883,38.235644983772,21.748498678207,garbage,2026-05-25 06:53:35
124886,38.2340203,21.7383126,garbage,2026-05-25 07:08:46
124891,38.2669965,21.7558785,garbage,2026-05-25 07:20:44
124892,38.278982567062,21.759775994383,garbage,2026-05-25 07:22:09
124893,38.2266881,21.7324471,garbage,2026-05-25 07:32:32
124895,38.2305348,21.7385097,garbage,2026-05-25 07:40:38
124896,38.2257189,21.7437895,garbage,2026-05-25 07:44:43
124897,38.2886082,21.7705618,garbage,2026-05-25 07:47:28
124898,38.209571,21.7711472,garbage,2026-05-25 07:56:20
124899,38.267239,21.7433001,garbage,2026-05-25 07:58:13
124900,38.26709,21.7442627,garbage,2026-05-25 08:01:41
124902,38.2664059,21.744066,garbage,2026-05-25 08:02:14
124903,38.2362157,21.7286588,garbage,2026-05-25 08:03:12
124904,38.2422716,21.7473368,garbage,2026-05-25 08:04:03
124905,38.2411198,21.7468276,garbage,2026-05-25 08:04:58
124906,38.2414819,21.7455317,garbage,2026-05-25 08:05:41
124907,38.2425295,21.7465584,garbage,2026-05-25 08:06:17
124908,38.2395559,21.7525121,garbage,2026-05-25 08:06:58
124911,38.217544167118,21.737844944,garbage,2026-05-25 08:18:40
124912,38.2167072,21.7369518,garbage,2026-05-25 08:22:54
124913,38.248017582546,21.737926140789,garbage,2026-05-25 08:31:11
124914,38.2553355,21.74553,garbage,2026-05-25 08:50:13
124915,38.2571547,21.746957,garbage,2026-05-25 08:57:38
124916,38.1662713,21.7203212,garbage,2026-05-25 08:57:57
124926,38.2519223,21.7433215,garbage,2026-05-25 10:39:27
124929,38.2545638,21.7527983,garbage,2026-05-25 11:29:07
124932,38.2748663,21.7464165,garbage,2026-05-25 12:25:24
124933,38.213823686178,21.734447479248,garbage,2026-05-25 13:11:01
124935,38.241002887406,21.726582804308,garbage,2026-05-25 13:22:01
124936,38.322618996461,21.835372558761,garbage,2026-05-25 13:29:32
124938,38.2412548,21.7306959,garbage,2026-05-25 14:44:14
124939,38.247375701019,21.7418154397,garbage,2026-05-25 14:45:51
124940,38.240866050999,21.756342061277,garbage,2026-05-25 14:56:17
124942,38.2341117,21.7354502,garbage,2026-05-25 15:47:57
124944,38.190689956682,21.701357821445,garbage,2026-05-25 16:37:06
124945,38.191648508788,21.691421207506,garbage,2026-05-25 16:50:14
124946,38.220244971504,21.743394387608,garbage,2026-05-25 17:26:37
124950,38.252666789263,21.741596460397,garbage,2026-05-25 19:03:15
124956,38.233639,21.7387274,garbage,2026-05-25 20:09:42
124957,38.185287075389,21.712785959244,garbage,2026-05-25 20:21:47
124960,38.2197052,21.7562027,garbage,2026-05-26 03:36:06
124961,38.2140256,21.7526101,garbage,2026-05-26 03:57:20
124966,38.2345624,21.7492478,garbage,2026-05-26 05:23:23
124968,38.193723188912,21.697418689728,garbage,2026-05-26 05:32:20
124970,38.240296705185,21.748048067093,garbage,2026-05-26 05:35:27
124972,38.2915197,21.7737999,garbage,2026-05-26 05:46:15
124974,38.2403273,21.7504617,garbage,2026-05-26 05:52:13
124976,38.283877474417,21.762088537216,garbage,2026-05-26 06:01:48
124977,38.282934708293,21.762719750404,garbage,2026-05-26 06:02:57
124978,38.2362189,21.7408534,garbage,2026-05-26 06:05:33
124979,38.324452912471,21.883116101841,garbage,2026-05-26 06:22:47
124981,38.2723108,21.765986,garbage,2026-05-26 06:26:08
124984,38.318451317544,21.816349309478,garbage,2026-05-26 06:39:09
124985,38.2913015,21.7744951,garbage,2026-05-26 06:52:19
124987,38.2363389,21.7434116,garbage,2026-05-26 06:55:48
124988,38.3135175,21.8116684,garbage,2026-05-26 07:07:37
124989,38.25545217254,21.755039748276,garbage,2026-05-26 07:08:27
124990,38.255358510567,21.75440909558,garbage,2026-05-26 07:11:01
124991,38.261053,21.7403874,garbage,2026-05-26 07:11:29
124992,38.2157382,21.7225388,garbage,2026-05-26 07:18:27
124996,38.2554572,21.7543457,garbage,2026-05-26 07:46:51
124997,38.2273113,21.7338742,garbage,2026-05-26 07:51:45
125001,38.2404638,21.7631285,garbage,2026-05-26 08:06:58
125003,38.2203648,21.7366721,garbage,2026-05-26 08:18:54
125004,38.327465825153,21.838074664642,garbage,2026-05-26 08:41:37
125005,38.330461970888,21.874727359862,garbage,2026-05-26 08:43:23
125007,38.2217324,21.735927,garbage,2026-05-26 08:53:19
125009,38.300623623375,21.781879126657,garbage,2026-05-26 09:10:47
125011,38.2240365,21.7250216,garbage,2026-05-26 09:14:04
125012,38.2340431,21.7617406,garbage,2026-05-26 09:18:59
125013,38.2266881,21.7324471,garbage,2026-05-26 09:27:00
125014,38.25091051398,21.741764021848,garbage,2026-05-26 09:28:06
125015,38.2080773,21.7134825,garbage,2026-05-26 09:31:07
125017,38.211516914212,21.718410301844,garbage,2026-05-26 09:42:28
125021,38.256663729062,21.742935385778,garbage,2026-05-26 10:13:35
125023,38.2167072,21.7369518,garbage,2026-05-26 10:39:04
125030,38.211896062674,21.740414500237,garbage,2026-05-26 11:34:50
125033,38.289046547945,21.771638989449,garbage,2026-05-26 11:57:12
125034,38.2714307045,21.755168437958,garbage,2026-05-26 12:09:51
125040,38.221165297938,21.733811080248,garbage,2026-05-26 13:08:06
125041,38.2859844,21.7860518,garbage,2026-05-26 13:20:32
125043,38.199329377068,21.708583384752,garbage,2026-05-26 14:32:23
125047,38.292637750326,21.771324276924,garbage,2026-05-26 16:25:19
125048,38.292639855473,21.771284043789,garbage,2026-05-26 16:30:53
125049,38.300513325761,21.774485515869,garbage,2026-05-26 16:38:37
125052,38.301970943037,21.782633247663,garbage,2026-05-26 18:32:00
125055,38.242205541754,21.742045283277,garbage,2026-05-26 18:59:26
125058,38.211758654236,21.717741489442,garbage,2026-05-26 19:16:48
125059,38.211723669976,21.717779695819,garbage,2026-05-26 19:19:00
125061,38.211427917901,21.71806430817,garbage,2026-05-26 19:22:33
125062,38.211401925291,21.718042194843,garbage,2026-05-26 19:24:21
125063,38.211419487765,21.718033254119,garbage,2026-05-26 19:25:40
125064,38.228600062482,21.734659212852,garbage,2026-05-26 19:29:34
125065,38.321517510042,21.850368976593,garbage,2026-05-26 19:49:26
125068,38.263842608629,21.744529008865,garbage,2026-05-26 21:03:01
125070,38.247621,21.7414482,garbage,2026-05-27 04:26:57
125077,38.2575204,21.7521013,garbage,2026-05-27 05:48:40
125079,38.21905342616,21.755442723162,garbage,2026-05-27 06:05:10
125080,38.2365928,21.7445128,garbage,2026-05-27 06:08:00
125081,38.242647012848,21.759173870087,garbage,2026-05-27 06:08:58
125083,38.2240024,21.7210843,garbage,2026-05-27 06:26:29
125085,38.249041477942,21.760744591006,garbage,2026-05-27 06:45:34
125086,38.2380088,21.7373447,garbage,2026-05-27 06:56:43
125088,38.3281642,21.8733127,garbage,2026-05-27 07:01:14
125089,38.316845072025,21.820832490921,garbage,2026-05-27 07:14:58
125090,38.236775,21.7303016,garbage,2026-05-27 07:19:02
125091,38.2005742,21.7442552,garbage,2026-05-27 07:22:18
125092,38.2293181,21.7347434,garbage,2026-05-27 07:25:32
125093,38.2713054,21.8352154,garbage,2026-05-27 07:26:04
125096,38.211478156659,21.782236372107,garbage,2026-05-27 07:34:17
125097,38.247901,21.7377069,garbage,2026-05-27 07:38:45
125100,38.2574879,21.7508941,garbage,2026-05-27 07:46:25
125101,38.271859,21.7540368,garbage,2026-05-27 07:52:12
125103,38.2409166,21.7508439,garbage,2026-05-27 08:03:57
125105,38.232403457029,21.736654043198,garbage,2026-05-27 08:26:15
125106,38.2826403,21.7676481,garbage,2026-05-27 08:33:59
125107,38.2391504,21.7376737,garbage,2026-05-27 08:52:42
125108,38.302262575649,21.792264082186,garbage,2026-05-27 09:05:01
125109,38.2569511,21.7463911,garbage,2026-05-27 09:18:03
125112,38.2601828,21.7500467,garbage,2026-05-27 10:07:30
125113,38.220714101011,21.75527095802,garbage,2026-05-27 10:28:09
125114,38.2332117,21.7337239,garbage,2026-05-27 10:51:14
125118,38.264677068445,21.744193807249,garbage,2026-05-27 16:08:27
125120,38.264937364424,21.745167405787,garbage,2026-05-27 16:18:31
125122,38.2658529,21.7547378,garbage,2026-05-27 16:37:32
125123,38.240669267492,21.727235564674,garbage,2026-05-27 16:44:07
125128,38.2380213,21.7379596,garbage,2026-05-28 03:06:52
125131,38.223605,21.7418196,garbage,2026-05-28 05:52:19
125132,38.2671149,21.7507946,garbage,2026-05-28 05:58:05
125133,38.2400275,21.7521858,garbage,2026-05-28 06:01:51
125134,38.2423763,21.7365542,garbage,2026-05-28 06:03:41
125140,38.2025189,21.7084711,garbage,2026-05-28 06:21:47
125141,38.2332357,21.7534476,garbage,2026-05-28 06:24:57
125142,38.2908448,21.7681819,garbage,2026-05-28 06:34:46
125146,38.2434939,21.7568362,garbage,2026-05-28 07:08:35
125147,38.2379261,21.7377637,garbage,2026-05-28 11:03:19
125148,38.2325061,21.7450521,garbage,2026-05-28 11:10:50
125149,38.2325061,21.7450521,garbage,2026-05-28 11:10:50
125151,38.231861350743,21.744757470918,garbage,2026-05-28 11:34:16
125152,38.2832152,21.7629998,garbage,2026-05-28 11:37:44
125157,38.2128116,21.7352793,garbage,2026-05-28 11:49:52
125160,38.2061246,21.7487727,garbage,2026-05-28 12:45:38
125161,38.238435600067,21.743285768007,garbage,2026-05-28 12:49:57
125164,38.2213463,21.763384,garbage,2026-05-28 13:00:09
125165,38.2031806,21.7057612,garbage,2026-05-28 14:25:33
125167,38.268844718922,21.744009397858,garbage,2026-05-28 14:49:41
125169,38.2474614,21.7419767,garbage,2026-05-28 15:46:06
125170,38.233778843454,21.749410629272,garbage,2026-05-28 17:26:06
125171,38.234543614964,21.751154065132,garbage,2026-05-28 17:28:11
125172,38.2347291,21.7283824,garbage,2026-05-28 17:29:23
125173,38.235231852804,21.751137971878,garbage,2026-05-28 17:30:21
125178,38.2291415,21.7467306,garbage,2026-05-28 18:39:36
125183,38.2701212,21.7448578,garbage,2026-05-28 20:43:57
125184,38.2251942,21.7669308,garbage,2026-05-28 21:11:09
125185,38.210953020794,21.796344218612,garbage,2026-05-28 21:21:57
125188,38.2273039,21.7459857,garbage,2026-05-28 21:29:23
125192,38.264561250263,21.76284402188,garbage,2026-05-28 22:18:59
125198,38.229397962729,21.736752485879,garbage,2026-05-28 22:50:08
125200,38.219200620668,21.738867136459,garbage,2026-05-28 23:53:44
125202,38.2414237,21.7365874,garbage,2026-05-29 01:22:58
125204,38.2335056,21.7571055,garbage,2026-05-29 06:03:21
125207,38.327530906289,21.872976217543,garbage,2026-05-29 08:11:39
125212,38.2398671,21.740081,garbage,2026-05-29 08:51:47
125213,38.2614163,21.7418766,garbage,2026-05-29 08:54:21
125217,38.2348671,21.7283995,garbage,2026-05-29 09:01:30
125218,38.2388907,21.7329332,garbage,2026-05-29 09:11:36
125219,38.2396794,21.7344412,garbage,2026-05-29 09:12:21
125220,38.254755442727,21.740537881851,garbage,2026-05-29 09:17:33
125221,38.239306653937,21.73986327653,garbage,2026-05-29 09:19:31
125222,38.2021883,21.7360823,garbage,2026-05-29 09:24:44
125223,38.223768681522,21.741787791252,garbage,2026-05-29 09:31:02
125224,38.2237884,21.7416904,garbage,2026-05-29 09:32:06
125226,38.2752734,21.7595211,garbage,2026-05-29 09:37:43
125228,38.20252600821,21.70768804344,garbage,2026-05-29 09:46:16
125230,38.225394194878,21.756944584029,garbage,2026-05-29 09:47:01
125231,38.235228,21.7433083,garbage,2026-05-29 10:06:25
125236,38.2230749,21.7375598,garbage,2026-05-29 10:18:35
125242,38.2662578,21.7428144,garbage,2026-05-29 10:43:52
125251,38.2331557,21.7590814,garbage,2026-05-29 11:36:23
125252,38.2648683,21.7657186,garbage,2026-05-29 11:44:11
125259,38.272078416465,21.774956559537,garbage,2026-05-29 13:06:04
125261,38.308232003978,21.789973843748,garbage,2026-05-29 13:09:38
125267,38.314369710453,21.807256362177,garbage,2026-05-29 16:10:38
125268,38.258397670616,21.741244196892,garbage,2026-05-29 17:10:10
125269,38.25830921265,21.741650104523,garbage,2026-05-29 17:15:12
125270,38.2658433,21.7470981,garbage,2026-05-29 17:22:19
125276,38.230529376464,21.743979120661,garbage,2026-05-29 20:17:30
125283,38.3019603,21.7809193,garbage,2026-05-30 06:48:29
125284,38.3084067,21.794942,garbage,2026-05-30 07:18:51
125285,38.3104935,21.8002923,garbage,2026-05-30 07:20:43
125286,38.2980714,21.7747113,garbage,2026-05-30 07:47:07
125287,38.3121893,21.801125,garbage,2026-05-30 07:59:33
125288,38.2255601,21.7603824,garbage,2026-05-30 08:20:33
125294,38.288144607449,21.773457178209,garbage,2026-05-30 10:53:56
125295,38.248215449628,21.742208344117,garbage,2026-05-30 11:26:21
125299,38.298213531697,21.788170762301,garbage,2026-05-30 12:22:10
125300,38.300056931196,21.788075599318,garbage,2026-05-30 12:23:44
125301,38.3045585,21.7816532,garbage,2026-05-30 12:25:31
125302,38.307111940666,21.786147645407,garbage,2026-05-30 12:30:39
125305,38.215504933425,21.741150105285,garbage,2026-05-30 13:26:39
125307,38.228544718169,21.746047139168,garbage,2026-05-30 15:41:09
125308,38.228269402221,21.745920181274,garbage,2026-05-30 15:42:44
125310,38.27023830664,21.760876178632,garbage,2026-05-30 16:46:47
125316,38.2245053,21.7217158,garbage,2026-05-30 18:42:14
125320,38.237539672071,21.728088855743,garbage,2026-05-30 21:36:26
125321,38.193891673754,21.722552776337,garbage,2026-05-30 21:41:06
125323,38.19546001576,21.719622015953,garbage,2026-05-30 21:44:21
125328,38.230436784784,21.751520633698,garbage,2026-05-30 23:33:39
125334,38.234803404846,21.72913312912,garbage,2026-05-31 11:56:12
125335,38.232685569059,21.750633716583,garbage,2026-05-31 11:57:03
125336,38.232142692776,21.752516627312,garbage,2026-05-31 11:58:25
125338,38.265605404436,21.754528284073,garbage,2026-05-31 12:36:48
125339,38.211869243064,21.718428961935,garbage,2026-05-31 12:55:59
125341,38.1854781,21.7091577,garbage,2026-05-31 14:49:40
125343,38.2579022,21.745194,garbage,2026-05-31 15:30:40
125347,38.228951,21.7404877,garbage,2026-05-31 18:30:56
125348,38.268450901125,21.762179224485,garbage,2026-05-31 18:42:58
125349,38.2354907,21.7270589,garbage,2026-05-31 19:46:54
125351,38.2657809,21.754424,garbage,2026-05-31 20:32:03
125352,38.187534901856,21.732841234931,garbage,2026-05-31 22:37:00
125355,38.240169051847,21.76244944923,garbage,2026-06-01 01:06:07
125356,38.238952554761,21.763511478665,garbage,2026-06-01 01:09:33
125358,38.235421490294,21.736304754692,garbage,2026-06-01 07:18:11
125361,38.227578691435,21.745966672897,garbage,2026-06-01 08:27:05
125365,38.261249329226,21.753315925598,garbage,2026-06-01 10:09:55
125367,38.225716986559,21.72798589009,garbage,2026-06-01 10:54:31
125370,38.2069993,21.7350137,garbage,2026-06-01 12:04:18
125371,38.239642046272,21.7529856126,garbage,2026-06-01 12:27:29
125373,38.213984147248,21.731240417285,garbage,2026-06-01 13:31:34
125374,38.2897333,21.7658748,garbage,2026-06-01 15:18:29
125375,38.206953698772,21.735677933486,garbage,2026-06-01 15:39:30
125377,38.18018018018,21.729698909135,garbage,2026-06-01 17:23:30
125379,38.240603572647,21.736929749966,garbage,2026-06-01 18:18:14
125380,38.239400842828,21.739874823883,garbage,2026-06-01 18:41:10
125386,38.281270813939,21.78100285273,garbage,2026-06-01 20:58:08
125387,38.318570663677,21.828953721157,garbage,2026-06-01 21:08:13
125394,38.214003377522,21.731185480808,garbage,2026-06-02 04:36:43
125395,38.233313418335,21.731781363487,garbage,2026-06-02 08:21:04
125396,38.316347974708,21.821159720421,garbage,2026-06-02 08:40:37
125397,38.234518,21.7511419,garbage,2026-06-02 08:53:28
125398,38.1875252,21.6977659,garbage,2026-06-02 08:54:14
125399,38.213933052918,21.731075048447,garbage,2026-06-02 08:56:53
125400,38.2716276,21.7434982,garbage,2026-06-02 09:03:46
125401,38.2334177,21.7368566,garbage,2026-06-02 09:05:27
125402,38.300001184612,21.781399728679,garbage,2026-06-02 09:06:36
125403,38.2368985,21.7493803,garbage,2026-06-02 09:07:14
125405,38.2344509,21.7568521,garbage,2026-06-02 09:10:48
125406,38.2766723,21.7564124,garbage,2026-06-02 09:17:29
125408,38.2367732,21.7424522,garbage,2026-06-02 09:24:57
125411,38.2554572,21.7543457,garbage,2026-06-02 09:31:04
125413,38.2303627,21.7431878,garbage,2026-06-02 09:40:12
125415,38.2453114,21.7305435,garbage,2026-06-02 10:00:56
125416,38.2284078,21.7460788,garbage,2026-06-02 10:09:24
125417,38.1868434,21.7610216,garbage,2026-06-02 10:11:32
125418,38.2261177,21.7274525,garbage,2026-06-02 10:43:28
125419,38.277638654173,21.791473120687,garbage,2026-06-02 10:48:28
125420,38.292536188139,21.801052121814,garbage,2026-06-02 10:50:20
125421,38.2580549,21.7515364,garbage,2026-06-02 10:55:27
125423,38.2573091,21.7457592,garbage,2026-06-02 11:01:19
125424,38.2310594,21.7519854,garbage,2026-06-02 11:01:22
125425,38.2199078,21.7432226,garbage,2026-06-02 11:05:42
125427,38.2717418,21.7537146,garbage,2026-06-02 11:11:32
125428,38.2607552,21.7578528,garbage,2026-06-02 11:18:05
125429,38.2469526,21.7317954,garbage,2026-06-02 11:29:32
125431,38.2348507,21.7290328,garbage,2026-06-02 11:42:53
125432,38.2720309761,21.774945259094,garbage,2026-06-02 11:43:37
125433,38.2694363,21.7544666,garbage,2026-06-02 11:45:11
125434,38.265524501339,21.741376519203,garbage,2026-06-02 11:51:08
125436,38.242916731623,21.742268371683,garbage,2026-06-02 11:55:28
125437,38.249160128221,21.760819928325,garbage,2026-06-02 12:03:09
125438,38.2409913,21.7282406,garbage,2026-06-02 13:40:11
125439,38.2392492,21.7330642,garbage,2026-06-02 13:41:10
125440,38.2396515,21.7324918,garbage,2026-06-02 13:42:10
125442,38.250371892237,21.745248174939,garbage,2026-06-02 14:03:10
125443,38.231112741008,21.763985512015,garbage,2026-06-02 14:32:31
125452,38.2386911,21.7426384,garbage,2026-06-02 15:57:38
125455,38.240170565333,21.739211464259,garbage,2026-06-02 16:20:29
125456,38.268539393825,21.760157481565,garbage,2026-06-02 16:57:09
125459,38.2369222,21.7300078,garbage,2026-06-02 17:14:52
125463,38.2266301,21.751248,garbage,2026-06-02 18:59:00
125464,38.2266132,21.7512421,garbage,2026-06-02 19:01:20
125465,38.212186704036,21.734735445761,garbage,2026-06-02 19:10:12
125466,38.195695915885,21.756054618672,garbage,2026-06-02 19:11:36
125468,38.267176760201,21.760107278824,garbage,2026-06-02 19:26:52
125472,38.256396482818,21.750518654314,garbage,2026-06-02 20:38:16
125473,38.311436813624,21.800737380981,garbage,2026-06-02 21:25:26
125474,38.208715750111,21.717476563273,garbage,2026-06-02 21:25:43
125475,38.237470899549,21.75487176045,garbage,2026-06-02 21:32:54
125476,38.208963133339,21.717482488444,garbage,2026-06-02 21:36:21
125485,38.220168580564,21.743418574333,garbage,2026-06-03 00:13:10
125489,38.268455058108,21.762227482788,garbage,2026-06-03 07:51:41
125491,38.2581732,21.745725,garbage,2026-06-03 08:24:48
125492,38.2590614,21.7465775,garbage,2026-06-03 08:26:01
125493,38.2641649,21.7510169,garbage,2026-06-03 08:27:06
125494,38.2685741,21.7582064,garbage,2026-06-03 08:28:34
125499,38.268417084112,21.748337745667,garbage,2026-06-03 08:50:28
125501,38.216119,21.7231117,garbage,2026-06-03 08:56:25
125502,38.2865295,21.7625699,garbage,2026-06-03 09:01:08
125503,38.243874990172,21.742379501353,garbage,2026-06-03 09:08:22
125505,38.2657106,21.746899,garbage,2026-06-03 09:17:00
125508,38.226752121441,21.768014431,garbage,2026-06-03 09:45:53
125509,38.1966061,21.7150021,garbage,2026-06-03 09:46:21
125510,38.2300407,21.7371499,garbage,2026-06-03 09:53:25
125512,38.2151306,21.7314015,garbage,2026-06-03 09:59:20
125515,38.1857588,21.7154964,garbage,2026-06-03 10:08:26
125520,38.2547482,21.7564387,garbage,2026-06-03 10:16:33
125521,38.2259329,21.7481185,garbage,2026-06-03 10:17:41
125523,38.2579652,21.7407544,garbage,2026-06-03 10:29:31
125524,38.3164866,21.82295,garbage,2026-06-03 10:36:08
125527,38.323998428578,21.838902002274,garbage,2026-06-03 10:44:12
125529,38.327600608666,21.841035106251,garbage,2026-06-03 10:46:45
125530,38.2326504,21.7453815,garbage,2026-06-03 10:48:38
125531,38.310471122261,21.795977467283,garbage,2026-06-03 10:53:53
125533,38.3122301382,21.803885421526,garbage,2026-06-03 10:58:04
125534,38.318476303833,21.816334589176,garbage,2026-06-03 11:00:56
125536,38.3169039,21.8179948,garbage,2026-06-03 11:02:08
125537,38.220563625715,21.756429960719,garbage,2026-06-03 11:07:08
125539,38.162762707818,21.664084196091,garbage,2026-06-03 11:56:08
125541,38.2362161,21.7364123,garbage,2026-06-03 12:49:36
125542,38.183202491947,21.694730436422,garbage,2026-06-03 12:57:10
125543,38.235036652744,21.737578823461,garbage,2026-06-03 13:15:14
125546,38.2299407,21.7430407,garbage,2026-06-03 13:20:16
125548,38.2471074,21.7389369,garbage,2026-06-03 13:25:49
125549,38.2481942,21.7407362,garbage,2026-06-03 13:37:37
125550,38.2245748,21.7543643,garbage,2026-06-03 13:39:22
125553,38.192225114997,21.731151484611,garbage,2026-06-03 15:11:21
125563,38.266494889178,21.741520290119,garbage,2026-06-03 20:49:25
125565,38.285031956988,21.764798462391,garbage,2026-06-03 21:03:38
125566,38.240958044319,21.757960493566,garbage,2026-06-03 21:44:54
125567,38.206897772541,21.723035394864,garbage,2026-06-03 22:30:19
125568,38.284391047205,21.764727393674,garbage,2026-06-03 23:17:54
125570,38.261947398966,21.748488888609,garbage,2026-06-04 07:12:04
125571,38.214009043225,21.731190555213,garbage,2026-06-04 07:58:23
125572,38.224399260208,21.76300406456,garbage,2026-06-04 08:24:37
125573,38.2621792,21.7491956,garbage,2026-06-04 08:30:59
125574,38.2273039,21.7459857,garbage,2026-06-04 08:41:16
125575,38.232985952428,21.752243041992,garbage,2026-06-04 08:47:29
125576,38.2720887,21.7441629,garbage,2026-06-04 08:50:16
125577,38.234518285138,21.751175522804,garbage,2026-06-04 08:54:28
125578,38.2325681,21.7306009,garbage,2026-06-04 08:55:27
125579,38.2422751,21.7389038,garbage,2026-06-04 08:55:28
125581,38.235231793052,21.751164793968,garbage,2026-06-04 08:58:29
125582,38.2508669,21.7429958,garbage,2026-06-04 08:58:48
125583,38.235299262831,21.751148700714,garbage,2026-06-04 09:01:26
125585,38.23532,21.74661,garbage,2026-06-04 09:05:21
125587,38.232943326523,21.74899541425,garbage,2026-06-04 09:08:29
125589,38.2117841,21.762923,garbage,2026-06-04 09:11:02
125590,38.2657128,21.7489561,garbage,2026-06-04 09:16:03
125591,38.222531250588,21.726568937302,garbage,2026-06-04 09:19:58
125594,38.2330461,21.7410156,garbage,2026-06-04 09:22:25
125596,38.2303892,21.7519116,garbage,2026-06-04 09:40:06
125599,38.2377018,21.74157,garbage,2026-06-04 09:46:51
125600,38.2382491,21.7341303,garbage,2026-06-04 09:49:29
125601,38.226777189963,21.767971515656,garbage,2026-06-04 09:51:15
125602,38.2581815,21.7459237,garbage,2026-06-04 09:53:10
125604,38.2845546,21.7603338,garbage,2026-06-04 10:13:58
125606,38.2654079,21.7457218,garbage,2026-06-04 10:41:48
125612,38.260141,21.7422406,garbage,2026-06-04 11:08:27
125613,38.295095981783,21.791533138645,garbage,2026-06-04 11:13:41
125617,38.2338087,21.7598342,garbage,2026-06-04 11:38:23
125620,38.2580368,21.7469567,garbage,2026-06-04 11:51:49
125621,38.234497468327,21.725775003433,garbage,2026-06-04 11:55:25
125624,38.282878895992,21.760675907135,garbage,2026-06-04 12:45:25
125625,38.228164286587,21.729097088119,garbage,2026-06-04 13:17:31
125626,38.2258135,21.7387681,garbage,2026-06-04 13:45:39
125629,38.234472186322,21.743187904358,garbage,2026-06-04 15:00:22
125634,38.268781368164,21.759420633316,garbage,2026-06-04 20:31:13
125635,38.234726108413,21.740097344777,garbage,2026-06-04 21:02:16
125637,38.234746249829,21.740092635155,garbage,2026-06-04 21:03:56
125643,38.2674694,21.740826,garbage,2026-06-05 06:02:53
125644,38.310420530111,21.795785867444,garbage,2026-06-05 07:00:48
125645,38.3154288,21.8162867,garbage,2026-06-05 07:57:31
125646,38.317163353947,21.816771348108,garbage,2026-06-05 08:01:02
125647,38.3149451,21.8225537,garbage,2026-06-05 08:07:34
125648,38.316481431115,21.821080641256,garbage,2026-06-05 08:12:45
125649,38.314418942172,21.807143920959,garbage,2026-06-05 08:15:04
125650,38.2684234,21.7596961,garbage,2026-06-05 08:33:08
125651,38.2364237,21.7625141,garbage,2026-06-05 08:56:04
125653,38.240900264084,21.757929991552,garbage,2026-06-05 08:59:23
125654,38.2462288,21.7452155,garbage,2026-06-05 09:01:34
125655,38.247859230809,21.742872110133,garbage,2026-06-05 09:03:26
125659,38.2390127,21.7326809,garbage,2026-06-05 09:13:14
125660,38.2556287,21.7401331,garbage,2026-06-05 09:13:58
125661,38.2575968,21.7455074,garbage,2026-06-05 09:15:11
125662,38.2464017,21.7332181,garbage,2026-06-05 09:16:32
125663,38.2290955,21.7541157,garbage,2026-06-05 09:38:27
125669,38.292587263211,21.801104076934,garbage,2026-06-05 10:03:29
125670,38.302338123526,21.793056949777,garbage,2026-06-05 10:05:22
125671,38.301740849896,21.795837690459,garbage,2026-06-05 10:07:13
125673,38.3046798,21.7930161,garbage,2026-06-05 10:11:41
125674,38.270977,21.7409557,garbage,2026-06-05 10:12:44
125675,38.2723821,21.7428153,garbage,2026-06-05 10:14:39
125676,38.2447065,21.7533357,garbage,2026-06-05 10:17:39
125677,38.30108672979,21.788957118988,garbage,2026-06-05 10:19:55
125678,38.2432024,21.7360217,garbage,2026-06-05 10:23:49
125679,38.217337136171,21.750322968862,garbage,2026-06-05 10:30:53
125680,38.2093765,21.7159985,garbage,2026-06-05 10:31:12
125681,38.2340826,21.7324872,garbage,2026-06-05 10:31:45
125682,38.213249057399,21.784360818616,garbage,2026-06-05 10:33:00
125685,38.2129686,21.7528531,garbage,2026-06-05 10:41:47
125690,38.208245659248,21.713016215204,garbage,2026-06-05 11:19:53
125691,38.228730694548,21.762506969873,garbage,2026-06-05 11:22:08
125692,38.2334612,21.7593365,garbage,2026-06-05 11:22:44
125697,38.2396244,21.7290417,garbage,2026-06-05 11:53:06
125698,38.2419223,21.7416502,garbage,2026-06-05 12:02:23
125699,38.2690267,21.7546295,garbage,2026-06-05 12:03:23
125700,38.2366896,21.7572725,garbage,2026-06-05 12:10:52
125702,38.2651664,21.7517359,garbage,2026-06-05 12:36:03
125706,38.2854839,21.7668363,garbage,2026-06-05 13:02:14
125709,38.2343241,21.7318319,garbage,2026-06-05 13:29:38
125710,38.2266085,21.7532267,garbage,2026-06-05 13:38:56
125714,38.24949221929,21.739961653051,garbage,2026-06-05 18:00:16
125715,38.226578,21.7533255,garbage,2026-06-05 18:44:47
125716,38.273007,21.7563349,garbage,2026-06-05 19:02:10
125721,38.2118007,21.74047,garbage,2026-06-05 20:53:03
125722,38.185107143339,21.729430797769,garbage,2026-06-05 21:00:26
125723,38.185519886665,21.729633258476,garbage,2026-06-05 21:05:59
125724,38.2397173,21.7481487,garbage,2026-06-05 21:24:57
125725,38.216143217863,21.747314137545,garbage,2026-06-05 21:30:18
125726,38.2388907,21.7329332,garbage,2026-06-05 21:33:20
125727,38.268178647886,21.743226982535,garbage,2026-06-05 21:35:42
125730,38.233484074416,21.755013763905,garbage,2026-06-05 21:46:07
125734,38.199033953032,21.76248612075,garbage,2026-06-06 07:20:57
125735,38.185314,21.7294759,garbage,2026-06-06 07:55:03
125736,38.289728475307,21.766697009209,garbage,2026-06-06 08:24:56
125738,38.224323196005,21.761979460716,garbage,2026-06-06 09:22:40
125741,38.23503118663,21.732469797134,garbage,2026-06-06 10:12:22
125742,38.26230349554,21.755617585409,garbage,2026-06-06 10:24:42
125743,38.289170689942,21.768268346787,garbage,2026-06-06 10:54:20
125744,38.2358433,21.734901,garbage,2026-06-06 11:15:21
125746,38.20037130057,21.737619370279,garbage,2026-06-06 11:26:44
125754,38.236869189795,21.730320186881,garbage,2026-06-06 15:45:08
125755,38.2562114,21.7420338,garbage,2026-06-06 17:08:25
125768,38.264347956134,21.742940762548,garbage,2026-06-06 20:42:22
125776,38.199331781336,21.708437204361,garbage,2026-06-06 23:48:28
125778,38.2327252,21.7380137,garbage,2026-06-07 00:33:26
125781,38.2287872,21.7625365,garbage,2026-06-07 08:41:56
125782,38.242888764234,21.742244434857,garbage,2026-06-07 08:46:27
125785,38.212994292292,21.753042340279,garbage,2026-06-07 10:23:09
125789,38.226508849323,21.728621110899,garbage,2026-06-07 12:17:38
125792,38.202517668374,21.708029463706,garbage,2026-06-07 13:16:29
125796,38.256256,21.741834,garbage,2026-06-07 16:42:14
125806,38.29129359907,21.802378892899,garbage,2026-06-07 18:36:16
125807,38.2544254,21.7453242,garbage,2026-06-07 18:37:47
125808,38.270095020056,21.749700307846,garbage,2026-06-07 18:56:21
125809,38.282897273332,21.76270365715,garbage,2026-06-07 18:57:48
125810,38.2257369,21.731418,garbage,2026-06-07 19:11:17
125813,38.225705505125,21.739447116961,garbage,2026-06-07 19:54:28
125814,38.2418998,21.7289935,garbage,2026-06-07 20:29:10
125815,38.250456918596,21.745211568757,garbage,2026-06-07 20:41:28
125816,38.219046560672,21.755361120758,garbage,2026-06-07 21:15:04
125817,38.216887223543,21.755754592386,garbage,2026-06-07 21:29:16
125819,38.257213220058,21.742378035141,garbage,2026-06-07 21:59:02
125820,38.2332594,21.7546695,garbage,2026-06-07 22:29:38
125821,38.2335251,21.7549693,garbage,2026-06-07 22:38:58
125823,38.26545626899,21.743737692163,garbage,2026-06-07 23:08:23
125824,38.239033003963,21.744049405926,garbage,2026-06-07 23:28:36
125826,38.266314605255,21.75698020583,garbage,2026-06-07 23:47:30
125829,38.270963537913,21.766877174377,garbage,2026-06-08 06:27:00
125830,38.239577006576,21.748530864716,garbage,2026-06-08 07:02:28
125831,38.239702144194,21.748164862447,garbage,2026-06-08 07:03:43
125832,38.238553149876,21.752473711967,garbage,2026-06-08 07:04:51
125833,38.3254292,21.8470885,garbage,2026-06-08 08:03:45
125834,38.312289250608,21.818678533182,garbage,2026-06-08 08:06:20
125835,38.312162073082,21.809198035414,garbage,2026-06-08 08:09:35
125836,38.211522595251,21.734230847372,garbage,2026-06-08 08:09:55
125837,38.259574287252,21.743595600128,garbage,2026-06-08 08:19:18
125838,38.312036881141,21.807649921931,garbage,2026-06-08 08:26:39
125839,38.3094533,21.8074712,garbage,2026-06-08 08:29:12
125840,38.2397791,21.7402314,garbage,2026-06-08 08:33:21
125841,38.2388107,21.7381142,garbage,2026-06-08 08:35:25
125842,38.2424078,21.7390023,garbage,2026-06-08 08:41:09
125843,38.184338045468,21.69543179218,garbage,2026-06-08 08:44:27
125845,38.184319464526,21.703225622435,garbage,2026-06-08 08:48:32
125848,38.270646855016,21.764321989087,garbage,2026-06-08 09:06:20
125849,38.213023138637,21.785438060761,garbage,2026-06-08 09:08:17
125855,38.229740715401,21.749971244113,garbage,2026-06-08 09:31:43
125856,38.2237106,21.7684458,garbage,2026-06-08 09:33:36
125857,38.230272,21.7517584,garbage,2026-06-08 09:35:13
125863,38.2314185,21.7304209,garbage,2026-06-08 10:10:25
125865,38.2596493,21.7435948,garbage,2026-06-08 10:14:25
125867,38.284211758634,21.760782809055,garbage,2026-06-08 10:23:03
125869,38.2390054,21.733772,garbage,2026-06-08 10:27:27
125870,38.2224141,21.7490756,garbage,2026-06-08 10:32:04
125873,38.169190450332,21.701873861543,garbage,2026-06-08 10:44:19
125874,38.2224141,21.7490756,garbage,2026-06-08 10:44:22
125875,38.2157382,21.7225388,garbage,2026-06-08 10:46:58
125876,38.307802395265,21.779625569925,garbage,2026-06-08 10:47:26
125877,38.2571547,21.746957,garbage,2026-06-08 10:48:44
125878,38.2920859,21.7728751,garbage,2026-06-08 10:48:55
125881,38.3000516,21.7895418,garbage,2026-06-08 11:16:31
125884,38.235797835329,21.73499242002,garbage,2026-06-08 11:25:52
125887,38.2125023142,21.738924980164,garbage,2026-06-08 11:50:37
125888,38.202509010624,21.708362102509,garbage,2026-06-08 11:52:55
125889,38.231354203325,21.755229780922,garbage,2026-06-08 11:54:04
125892,38.288077942931,21.764416097192,garbage,2026-06-08 12:21:35
125893,38.218422359248,21.738037250115,garbage,2026-06-08 12:32:42
125896,38.2675889,21.7680135,garbage,2026-06-08 12:53:21
125898,38.20830752837,21.772661339251,garbage,2026-06-08 13:11:49
125899,38.234820035514,21.744279563427,garbage,2026-06-08 13:17:34
