"id","code","name_gr","boundary"
1,Γ28,Αγ. Αικατερινη,"POLYGON ((21.745596129869686 38.23721117952496, 21.73990216899089 38.23711987293768, 21.7369241237805 38.237038337335825, 21.736908681646415 38.23710180187581, 21.737673800575273 38.238016563907316, 21.73969936003189 38.2406828107747, 21.742426638070345 38.23958400260502, 21.744681825873656 38.23838167478478, 21.74529611631 38.2379206503342, 21.745596129869686 38.23721117952496))"
2,Γ26,Αγ. Γερασιμος,"POLYGON ((21.72357731662747 38.22843363901575, 21.722439747653876 38.22574516452891, 21.72117716776021 38.22464486299193, 21.72104093259814 38.22421665201408, 21.72134715338372 38.22419529129622, 21.721301234647573 38.22411338413353, 21.721105309701734 38.223287538434924, 21.718737864134493 38.22379457176271, 21.718456701658823 38.224246912432015, 21.718755599260927 38.22559694048511, 21.720763701138047 38.226485865143985, 21.721636097102444 38.22805767159287, 21.721932842979204 38.229182394182594, 21.720799276382497 38.23009059876446, 21.7208081711863 38.23099178181837, 21.722242967194504 38.2316588897688, 21.72255088440402 38.23391008774404, 21.72369565171178 38.23412834397687, 21.72429597336722 38.23705366030367, 21.725569069393693 38.23697402939213, 21.725862736362295 38.23840474230151, 21.729461780585382 38.237978229808405, 21.729046279962926 38.2356477314204, 21.729023752031708 38.23420879282228, 21.728866864167994 38.23212220881548, 21.72659878359611 38.23174996290362, 21.724549579847327 38.23188522051065, 21.72357731662747 38.22843363901575))"
3,Γ31,Αγ. Γεωργιος Λαγγουρας,"POLYGON ((21.74128743203143 38.22936630880573, 21.74141505741763 38.229647366638645, 21.743208211994588 38.231199794374135, 21.74408792268392 38.23222162125819, 21.74669512956195 38.23485730755305, 21.747561380530662 38.232786061787046, 21.74773070105037 38.232074074376456, 21.747799156824176 38.22984337703111, 21.747913734988632 38.227748841481386, 21.74776761968604 38.2260136155973, 21.747767439676604 38.226011304461025, 21.742793397455035 38.22831821680193, 21.74128743203143 38.22936630880573))"
4,Γ5,Αγ. Παντελεημων,"POLYGON ((21.758492359397476 38.27263029174546, 21.756994976972468 38.27371020511042, 21.75479048240575 38.275470414016, 21.753386911377476 38.276816153085456, 21.7531552139212 38.27701139104096, 21.751606008819913 38.2814929232039, 21.75475233930745 38.281698031705325, 21.75504982626049 38.28282265281401, 21.75590963185555 38.28304242319174, 21.76396351574232 38.28108092541802, 21.76406241464321 38.281169538381526, 21.764476643398975 38.281313981354465, 21.76675534052527 38.2800956447842, 21.765565822293734 38.27895204942704, 21.761570714000655 38.275382209521446, 21.760984377768295 38.27485807135359, 21.758492359397476 38.27263029174546))"
5,Γ18,Αγ. Σοφια,"POLYGON ((21.73908521298379 38.26281133924308, 21.74211748413234 38.261924087398505, 21.746828722724743 38.260768982638474, 21.748962229622745 38.26000013744046, 21.74862197501819 38.259522866774304, 21.748094321061146 38.25881424646089, 21.747985456790303 38.25734592440029, 21.74758404757786 38.25651951128425, 21.746584410344923 38.25599249539144, 21.746585142470455 38.25591136163745, 21.74643450484968 38.255866818786004, 21.742450318868386 38.256852867213645, 21.739228661014533 38.25769842548828, 21.73830539853078 38.25476852410696, 21.73828991347469 38.25471938157812, 21.736758358689375 38.25477547348433, 21.73764738984434 38.25792420385888, 21.735649574206054 38.25816205353374, 21.73536838823402 38.2586144323633, 21.738588863918746 38.25927644184594, 21.738759998244305 38.26017516923167, 21.73908521298379 38.26281133924308))"
6,Γ16,Αγιυα,"MULTIPOLYGON (((21.743640845960243 38.26806836422015, 21.740893497952438 38.26902937900048, 21.739206276775235 38.26931001253059, 21.739206232423907 38.26931144258903, 21.739206214275004 38.269313428217174, 21.73920619874034 38.269315108429936, 21.739205221863834 38.269422045866236, 21.739567575868612 38.27078658461454, 21.741121632395668 38.27273435576384, 21.741439196582007 38.27302656503964, 21.742575016276078 38.27404498959291, 21.743518933135686 38.2734480541845, 21.744340202499966 38.274760509511786, 21.746720514363155 38.27340370571733, 21.749408715078857 38.27198268467745, 21.752814098586576 38.27025739198174, 21.75561165121369 38.26890744851604, 21.753794684762077 38.26638224802131, 21.750638912565435 38.26619297384551, 21.749015344820133 38.26632990663554, 21.746228394217443 38.26727056280436, 21.743640845960243 38.26806836422015)), ((21.741121632395668 38.27273435576384, 21.740017892115816 38.27135099990607, 21.740091996657373 38.271511397470434, 21.740099946373387 38.27154575199603, 21.74010452469211 38.271551078184345, 21.741121632395668 38.27273435576384)))"
7,Γ53,Ακρωτηρι-Μακρυγιαννη,"POLYGON ((21.738006951243165 38.208225374276104, 21.736665956006426 38.20854369440019, 21.73624618615314 38.208161965319206, 21.73293287368884 38.209019495045425, 21.73265226150465 38.208187888422536, 21.730072655358274 38.20816069641025, 21.730011121571454 38.20807587723494, 21.72994058959735 38.2081028402366, 21.73046429415688 38.20884082477274, 21.728546856690983 38.20896739036262, 21.72777945070523 38.209412745186306, 21.72632214712229 38.20979077229669, 21.72515931429564 38.20971673823208, 21.725322453273243 38.21071136325157, 21.72485332795269 38.21078452025654, 21.72520040432519 38.21257950794488, 21.727422442901354 38.212026685608244, 21.73036674366473 38.211566436914254, 21.73445951400101 38.21101017677817, 21.7384786319131 38.21029132027297, 21.73994986862284 38.209822629732066, 21.74114670926531 38.20962862360866, 21.743214864647506 38.209090178238654, 21.74360362856567 38.2090117869965, 21.744315443651974 38.208868251217254, 21.74626720246264 38.208474657946574, 21.74637860073501 38.20845294199184, 21.74796210016564 38.20812229334993, 21.750449544931143 38.2075653135614, 21.750269503024956 38.206429353004786, 21.750049187993064 38.20560648356893, 21.748733808744255 38.205823105723354, 21.744046160262574 38.20574910635038, 21.742442281696984 38.20598560102159, 21.74251949543014 38.206439084631846, 21.74050798700114 38.20655359996553, 21.740919012648256 38.20819232550935, 21.73820429404224 38.20862639520695, 21.738006951243165 38.208225374276104))"
8,Γ3,Ανατολικη Παρ. Προαστιου,"POLYGON ((21.756195455759425 38.28304058125592, 21.760222835275478 38.28549292962015, 21.76282834622979 38.28863031188388, 21.762837779420952 38.2895314773431, 21.7682499036178 38.28769370699395, 21.768620236780784 38.28795618028684, 21.769665334389163 38.287586584510095, 21.773863079756808 38.286822442471454, 21.772593715289435 38.285666330646755, 21.772392790909546 38.28547746721729, 21.77132721294237 38.28450196436986, 21.769748126549835 38.28289077471111, 21.768009263496765 38.28130110856337, 21.76675534052527 38.2800956447842, 21.764476643398975 38.281313981354465, 21.766270593613918 38.28374326366803, 21.76755748887148 38.28609084599872, 21.76735139848691 38.28617629988814, 21.767796686021644 38.28678520272458, 21.763372523389865 38.28874724024192, 21.76254722965805 38.28776847587395, 21.761506908806425 38.28698437973708, 21.75991850371814 38.285022489134064, 21.758862614336255 38.28421719277603, 21.758196666747434 38.28389681501136, 21.759074209363074 38.28355270164008, 21.75943555563656 38.28316506526927, 21.75883998862178 38.28268812334533, 21.759288626291305 38.2825592976111, 21.760362184115227 38.28267048393099, 21.761740954433307 38.28226921786226, 21.76406241464321 38.281169538381526, 21.76396351574232 38.28108092541802, 21.758760834170936 38.282348097031516, 21.756195455759425 38.28304058125592))"
9,Γ1,Ανατολικος Καστελοκαμπος,"POLYGON ((21.771809547895025 38.291816974185096, 21.77189067675506 38.291913190438464, 21.77281755982466 38.293012418298936, 21.772066807058167 38.29359847858855, 21.77172669982536 38.293782819927884, 21.77378614528914 38.29757080503823, 21.790279151595723 38.28934983035679, 21.790543002577742 38.28732029521792, 21.789106492426292 38.2866540470821, 21.788510446668415 38.2844049896081, 21.787364704482762 38.284187378054156, 21.787359837125255 38.283736797546794, 21.785359064812127 38.283750208119656, 21.772392790909546 38.28547746721729, 21.772593715289435 38.285666330646755, 21.773863079756808 38.286822442471454, 21.769665334389163 38.287586584510095, 21.768620236780784 38.28795618028684, 21.768646886709462 38.28806593800339, 21.771809547895025 38.291816974185096))"
10,Γ12,Ανθουπολη,"POLYGON ((21.758930722767918 38.26486406325816, 21.759579303172675 38.26440051998056, 21.75864381963376 38.26419286235406, 21.75757970572837 38.26448729922222, 21.75710086845705 38.26444114258368, 21.756652072269773 38.26396568021323, 21.75685348609077 38.26358338792643, 21.760246262201207 38.26254643424181, 21.760045701258164 38.26224857461338, 21.760281095746986 38.26259816639367, 21.761074022842788 38.26247692925465, 21.761340670291865 38.26222635084364, 21.761297765001835 38.26187075571839, 21.761370284151646 38.261238945959526, 21.76175241577465 38.260906406614865, 21.761839094088067 38.260830976509574, 21.761883583463412 38.2607861116567, 21.762044797046087 38.26060496746096, 21.76214420694413 38.26049326722943, 21.762237490287657 38.26066387390196, 21.76253574720379 38.26057939311217, 21.76282464583545 38.26051842074854, 21.7626921195297 38.26018170006678, 21.76262939121308 38.260036723982346, 21.7626013123395 38.25997182939901, 21.763525285187523 38.25976172025046, 21.76416240702163 38.2593643859355, 21.763583322839004 38.2590667963846, 21.76331346077935 38.25929196965575, 21.76302983952055 38.25325574238338, 21.76104164058244 38.2543951934506, 21.760177465018725 38.25372487053776, 21.76016807677691 38.2528236990073, 21.759596666254854 38.252827399083365, 21.758735391095087 38.253609955933634, 21.758939762046932 38.25382581746426, 21.75905025454503 38.2540100698468, 21.758206688585656 38.25445645411991, 21.75842183312749 38.2550228652297, 21.757886738395992 38.2553532634669, 21.757476403956087 38.25504238969087, 21.757340376119622 38.25487742140096, 21.757208587092258 38.25499715752928, 21.75667889367395 38.255575805595065, 21.756705596196717 38.257018285437155, 21.75748537408577 38.258148724911045, 21.756611111027645 38.25890106727189, 21.755754367591273 38.25852229265482, 21.75400430916507 38.2583247682941, 21.75355976533092 38.258312058870715, 21.751603991156077 38.26008868135323, 21.751744260104317 38.260222058168566, 21.752181082372033 38.26065399358273, 21.750191137603505 38.26164801743899, 21.751854445804533 38.263757601701094, 21.753794684762077 38.26638224802131, 21.75607634584373 38.2662328079961, 21.758930722767918 38.26486406325816))"
11,Γ9,Αρεθα,"POLYGON ((21.758930722767918 38.26486406325816, 21.75607634584373 38.2662328079961, 21.753794684762077 38.26638224802131, 21.75561165121369 38.26890744851604, 21.75737038763413 38.2710567842844, 21.757530302489194 38.271281060991925, 21.76236715029032 38.26918541016288, 21.76376244088592 38.2685350299439, 21.76375740836694 38.268520613087574, 21.7635215244881 38.26798343597112, 21.763113104230907 38.26705849853388, 21.763087764857907 38.26659505519067, 21.762367252081503 38.26522022529654, 21.759965426353546 38.264209328577266, 21.759579303172675 38.26440051998056, 21.758930722767918 38.26486406325816))"
12,Γ33,Αροη,"MULTIPOLYGON (((21.76276782609374 38.242437982814714, 21.762015468541158 38.242194436904875, 21.760346724992594 38.24201011614421, 21.759162952565298 38.242511674749636, 21.75821170444208 38.2424960662484, 21.757932725931987 38.24264105834506, 21.757457946892202 38.24279189547835, 21.75602941637216 38.241682997054276, 21.75536550094217 38.241461036942226, 21.7538665201229 38.240304322727305, 21.753758889475172 38.239961222973086, 21.752680896710316 38.23960546701094, 21.75129908159719 38.23982109928495, 21.749502941813322 38.23993685718432, 21.7490207657627 38.240255972368715, 21.74830142342738 38.24152601786083, 21.748457939658937 38.241596969928786, 21.747506346550594 38.24289831358601, 21.7477402969951 38.243986389003716, 21.747610852095068 38.24444355539987, 21.749132316317212 38.24503790936438, 21.750327535790326 38.245501767131785, 21.74980467592458 38.245298850480566, 21.74981322527182 38.24613106782966, 21.752414535325325 38.24904342794566, 21.757008957100425 38.251266963340036, 21.75642821711497 38.25036947521953, 21.756704568631363 38.24946646057192, 21.758128349076756 38.24900665476105, 21.759570870151776 38.250349176321976, 21.761865842260974 38.25123553219616, 21.76329433645462 38.25122624949326, 21.764430051298163 38.2505429325594, 21.76470394336192 38.249414607338316, 21.766701416942894 38.24917626615197, 21.767549010540428 38.24826949287494, 21.76925838220642 38.24780768405385, 21.769536940722777 38.247129933209465, 21.766649352217048 38.24421982468063, 21.76089207215139 38.24299884607873, 21.76106106568332 38.242817682729616, 21.761313144017066 38.242708226732404, 21.76287282764641 38.24270334646733, 21.76276782609374 38.242437982814714)), ((21.757573610924986 38.242747578008014, 21.757496660923252 38.24277483819227, 21.757457946892202 38.24279189547835, 21.75780418828068 38.24268189496185, 21.7577495218564 38.24269655719782, 21.75767677201692 38.24271414984247, 21.757573610924986 38.242747578008014)))"
13,Γ22,Αρχαιο Ωδειο,"POLYGON ((21.734279971996408 38.24278187813669, 21.733425251299145 38.243497494190905, 21.737103474732514 38.24632130849988, 21.73761280630714 38.24673166866163, 21.73980094210919 38.24502522004925, 21.740903979518784 38.24438998155653, 21.742146399580665 38.24385569080789, 21.73969936003189 38.2406828107747, 21.734279971996408 38.24278187813669))"
14,Γ47,Βιλλας Λαδοπουλου,"POLYGON ((21.724048539369864 38.22400681846894, 21.72134715338372 38.22419529129622, 21.72134715338372 38.22419529129622, 21.72104093259814 38.22421665201408, 21.72117716776021 38.22464486299193, 21.722439747653876 38.22574516452891, 21.72357731662747 38.22843363901575, 21.724549579847327 38.23188522051065, 21.72659878359611 38.23174996290362, 21.728866864167994 38.23212220881548, 21.72954088171275 38.23232105416078, 21.729328002411513 38.2306417652392, 21.728444359344795 38.22980213834868, 21.72801710777938 38.22731199733088, 21.72641033000271 38.22326299304536, 21.72539965288074 38.223703403362805, 21.725195281487675 38.22380912187503, 21.724048539369864 38.22400681846894))"
15,Γ21,Βλατερο-Τριτακι,"MULTIPOLYGON (((21.741677978821173 38.248901774837165, 21.74191102786453 38.24890237477579, 21.742132696165914 38.24879192481216, 21.742346086751283 38.248709859587336, 21.742564659492007 38.248529769451736, 21.7435247002254 38.24828977485124, 21.743310576659916 38.24811928362698, 21.743494859242205 38.24767886844169, 21.74351335535916 38.247664747924226, 21.743552119010378 38.24754202274357, 21.742777855545953 38.24690880792589, 21.74323476762103 38.2464179332764, 21.744167852153716 38.24597803363106, 21.74408010068023 38.24586805674249, 21.743509627283196 38.245820084616504, 21.741735523080816 38.245726125520214, 21.73980094210919 38.24502522004925, 21.73761280630714 38.24673166866163, 21.7376228614416 38.24673976957418, 21.7407405881508 38.249144217779794, 21.74098206310489 38.24921579787488, 21.741470385129528 38.24881818650277, 21.741614030335302 38.24894681607763, 21.741677978821173 38.248901774837165)), ((21.743235596353227 38.24728316342746, 21.743362227840446 38.24718945825889, 21.74319832412084 38.247106744986205, 21.74312413631683 38.24716669044471, 21.743070389742897 38.2471280965924, 21.742777855545953 38.24690880792589, 21.743235596353227 38.24728316342746)), ((21.743003288206506 38.2466666197492, 21.743263647353004 38.246540447669815, 21.743260987738385 38.246512657581434, 21.743248443591085 38.24646317931126, 21.74323476762103 38.2464179332764, 21.743003288206506 38.2466666197492)))"
16,Γ12,Βορεια Ανθουπολη,"POLYGON ((21.77221156352952 38.25999262369084, 21.774252904593173 38.25951946806957, 21.774070021262443 38.258766863291484, 21.77311646510502 38.25836171109518, 21.77091385388667 38.25685906336732, 21.770033180558215 38.25614313285239, 21.768771927797484 38.25648122999473, 21.766956113657546 38.25838193841382, 21.766872942438603 38.25902960431678, 21.76923798899165 38.260398075184845, 21.770428756418067 38.260295860079076, 21.77221156352952 38.25999262369084))"
17,Γ36,Γηροκομειο - Τζολεϊκα,"POLYGON ((21.7602043660461 38.23391837365567, 21.75891786515174 38.23540796985732, 21.757538829342348 38.23622895440817, 21.757905106510957 38.23655748219658, 21.755897795572125 38.23744891270518, 21.75539317616316 38.237777481521114, 21.756326679707737 38.23802181525711, 21.757395362347136 38.23775739115172, 21.757906045889282 38.2378366293714, 21.757408446610526 38.238287171471946, 21.75815351793919 38.2385983238107, 21.75857486074644 38.238495042746464, 21.758737714723676 38.23852827645963, 21.758932282188837 38.23851194780859, 21.759013997982215 38.23847702740163, 21.75885617250332 38.23791981228456, 21.75875245921282 38.23759382933073, 21.757752339042167 38.23750711482946, 21.758369724075074 38.23705536554503, 21.759347873837765 38.237031710894264, 21.76046934082292 38.23654518728288, 21.76135672988148 38.236409507327465, 21.761928039787957 38.23659544798977, 21.762508181281937 38.23707251067529, 21.76348345082656 38.2370001168817, 21.763329276243766 38.23617339787842, 21.7641121938362 38.23595712948728, 21.764151070610954 38.23601480647227, 21.764310772173797 38.23596091382259, 21.764258020697426 38.235860931370475, 21.76414179014681 38.23557379084079, 21.764134886052645 38.23551114905868, 21.764142639085996 38.23537344762426, 21.764126864699424 38.23525577501138, 21.764015099931203 38.235264250766896, 21.763195053476384 38.23472243818047, 21.76350192603665 38.23452328399089, 21.763949796023432 38.234219738358604, 21.76396337176157 38.234214169768684, 21.76397748956084 38.234209515298645, 21.763992051379542 38.23420580551884, 21.764006953550123 38.23420306818928, 21.764022094964428 38.234201322107815, 21.76429408714082 38.23413942861966, 21.764904875692388 38.23454725094039, 21.76548553224202 38.23443440758043, 21.76571606137507 38.234003962082944, 21.76469184278388 38.232851912664756, 21.765436968140925 38.23216621049837, 21.767483225024733 38.232589474398516, 21.768454945219883 38.230273100989464, 21.77069039499077 38.22985896684112, 21.773298868854805 38.22919555948571, 21.775530607956718 38.22721144563729, 21.775294019648758 38.226546177260914, 21.77474641243496 38.22685735020164, 21.772712783675754 38.22727052967076, 21.770333586128668 38.22775386896897, 21.769414747138267 38.22792925692697, 21.76945118180968 38.2280211469877, 21.769522665161148 38.228201432435704, 21.769623454529246 38.22845562716898, 21.76954869747132 38.228475018475386, 21.769302709524457 38.22853882732345, 21.769252249190224 38.2285519168069, 21.768950598057657 38.22863016259348, 21.76794979744685 38.228889754902426, 21.767636003740666 38.22897114534659, 21.767346373004987 38.229046268124, 21.76723985126842 38.22907838327625, 21.765487037435165 38.229535822863745, 21.765367974631264 38.22956689367504, 21.76338568362266 38.23007268747151, 21.760699887603042 38.23066436886613, 21.76058511071369 38.23320378847103, 21.7602043660461 38.23391837365567))"
18,Γ14,Γουβα,"MULTIPOLYGON (((21.7420591471257 38.24963260990528, 21.741914977645447 38.249638568981084, 21.74183427996178 38.249655580548065, 21.74181878268909 38.249658846900495, 21.741797918732676 38.24966324532254, 21.741705270831048 38.24970440461958, 21.74166331179408 38.24973491304205, 21.743047290352525 38.250981960757834, 21.742368772184786 38.25135144026864, 21.743337036419877 38.2521634415634, 21.746341209936826 38.255673971808065, 21.74643450484968 38.255866818786004, 21.746585142470455 38.25591136163745, 21.746585658338994 38.25585424026048, 21.747760039494526 38.255242946058715, 21.747659629859967 38.25509618898279, 21.749084382243346 38.25429241982951, 21.749056271964452 38.2542520231288, 21.756435223001887 38.251045354749365, 21.755630601365645 38.25059992200307, 21.752414535325325 38.24904342794566, 21.752241632113144 38.248849859082874, 21.74631312411264 38.2499522734175, 21.74663105974483 38.250187071460815, 21.745872149386216 38.24962660602977, 21.744965178287366 38.2497358196714, 21.743563783230158 38.24986535883171, 21.74219177349936 38.2496417126317, 21.7420591471257 38.24963260990528)), ((21.74441664735161 38.24971508423681, 21.744288408496264 38.24974318757533, 21.744184938871292 38.24977613463798, 21.74410005283871 38.24980507144411, 21.74407240835294 38.24981834561528, 21.744736109231347 38.249756995041174, 21.74469902469711 38.249746716085276, 21.74459474371245 38.24971632525691, 21.744509160635584 38.24970812887654, 21.74441664735161 38.24971508423681)))"
19,Γ35,Διακου Σαμακια,"MULTIPOLYGON (((21.758638001634594 38.241240056575755, 21.75995032321986 38.24123279989116, 21.760346724992594 38.24201011614421, 21.762015468541158 38.242194436904875, 21.76276782609374 38.242437982814714, 21.764297914694154 38.24249615381255, 21.764730424854548 38.24263555224142, 21.76547488682083 38.24242379451241, 21.765179986066574 38.24217056846665, 21.765476702201248 38.24219881839446, 21.765478206486954 38.242012395608484, 21.765111720110824 38.24173553101073, 21.76507255556225 38.24166918942626, 21.76503720108114 38.241625712161174, 21.76414432993802 38.240309856143384, 21.76427756758545 38.240285060908924, 21.76428312535401 38.24023431124579, 21.765209473405754 38.239730101485364, 21.76587473935379 38.23867289497695, 21.76513656948371 38.238593680528325, 21.764847138735696 38.23825835896713, 21.764743631958545 38.238256386902066, 21.764710400607125 38.23825332711515, 21.764633928140267 38.23825591411858, 21.764544108217304 38.238259055016215, 21.764048175394848 38.23835043482317, 21.76349572242326 38.23883065048747, 21.762921214569243 38.238767977178895, 21.76255649243343 38.239319870184865, 21.762872551428917 38.23939953704579, 21.763901183090674 38.24019439459057, 21.762363575241768 38.24039118833669, 21.762181459172503 38.24002410652587, 21.761153265515215 38.23931159903099, 21.76037707865318 38.23921562128068, 21.760031997065084 38.239318526687285, 21.758534551926743 38.23979937629901, 21.757818530983148 38.23969969227928, 21.75694189043698 38.23980327615715, 21.756448158257317 38.23874028154152, 21.755042186145182 38.23848490006539, 21.754905036577956 38.23824510627411, 21.75435581792095 38.238435566373724, 21.755637522344088 38.23992871538424, 21.755107456809093 38.24042781004988, 21.75598695705216 38.24069582294614, 21.757327944653692 38.24072916104544, 21.758638001634594 38.241240056575755)), ((21.76414432993802 38.240309856143384, 21.76422741137418 38.24043229854904, 21.764216449461898 38.24040563652069, 21.76414432993802 38.240309856143384)))"
20,Γ4,Δυτικη Παρ. Προαστιου,"POLYGON ((21.761740954433307 38.28226921786226, 21.760362184115227 38.28267048393099, 21.759288626291305 38.2825592976111, 21.75883998862178 38.28268812334533, 21.75943555563656 38.28316506526927, 21.759074209363074 38.28355270164008, 21.758196666747434 38.28389681501136, 21.758862614336255 38.28421719277603, 21.75991850371814 38.285022489134064, 21.761506908806425 38.28698437973708, 21.76254722965805 38.28776847587395, 21.763372523389865 38.28874724024192, 21.767796686021644 38.28678520272458, 21.76735139848691 38.28617629988814, 21.76755748887148 38.28609084599872, 21.766270593613918 38.28374326366803, 21.764476643398975 38.281313981354465, 21.76406241464321 38.281169538381526, 21.761740954433307 38.28226921786226))"
21,Γ2,Δυτικος Καστελοκαμπος,"POLYGON ((21.763137784191258 38.29088136610013, 21.765141128399495 38.291093623595955, 21.76543644942482 38.29199292337541, 21.7674022270769 38.29313492487487, 21.76845505421994 38.294980260626716, 21.76920255175039 38.29669972480722, 21.771480021091538 38.29578354372876, 21.77262590144077 38.29600130856485, 21.772637847588435 38.29712776136002, 21.770655766316008 38.29894324960278, 21.770953572973035 38.30006782376495, 21.773788538187464 38.2977960954927, 21.77378614528914 38.29757080503823, 21.77172669982536 38.293782819927884, 21.77189809806066 38.293689920700935, 21.772066807058167 38.29359847858855, 21.77281755982466 38.293012418298936, 21.77189067675506 38.291913190438464, 21.771809547895025 38.291816974185096, 21.768646886709462 38.28806593800339, 21.768620236780784 38.28795618028684, 21.7682499036178 38.28769370699395, 21.762837779420952 38.2895314773431, 21.762847213033353 38.29043264266155, 21.763137784191258 38.29088136610013))"
22,Γ32,Εβραιομνηματα,"POLYGON ((21.74547766816581 38.24016950689925, 21.744401892070055 38.241670352453426, 21.743634671157434 38.24360580901135, 21.743325513374092 38.243724054934624, 21.743622520611734 38.24512676083266, 21.744919457235408 38.24496527154373, 21.746857035291047 38.24419506194657, 21.747610852095068 38.24444355539987, 21.7477402969951 38.243986389003716, 21.747506346550594 38.24289831358601, 21.748457939658937 38.241596969928786, 21.74830142342738 38.24152601786083, 21.747073110121992 38.24073425703426, 21.74547766816581 38.24016950689925))"
23,Γ41,Εγλυκαδα,"POLYGON ((21.76075394163837 38.223367602843126, 21.7607551496678 38.223419652020596, 21.76075695614618 38.223497516176856, 21.760760049243434 38.22363082630779, 21.76076339735272 38.22377511475314, 21.760764342059474 38.22382591720283, 21.76077291151051 38.22428683587587, 21.760774185361463 38.22436202894477, 21.76077686080744 38.22452009388625, 21.76077699312163 38.22452788451447, 21.76062306051894 38.22474429488917, 21.76069839746339 38.228200340678825, 21.760699887603042 38.23066436886613, 21.76338568362266 38.23007268747151, 21.765367974631264 38.22956689367504, 21.76723985126842 38.22907838327625, 21.767346373004987 38.229046268124, 21.767636003740666 38.22897114534659, 21.76794979744685 38.228889754902426, 21.768950598057657 38.22863016259348, 21.769302709524457 38.22853882732345, 21.76954869747132 38.228475018475386, 21.769623454529246 38.22845562716898, 21.769522665161148 38.228201432435704, 21.769414747138267 38.22792925692697, 21.770333586128668 38.22775386896897, 21.77474641243496 38.22685735020164, 21.775294019648758 38.226546177260914, 21.77506151772463 38.22629590529671, 21.773619856061952 38.226078142591994, 21.772177288800084 38.225281787048516, 21.77175383149405 38.225163892276115, 21.77042868854836 38.22538771867579, 21.768933778091352 38.22547379548893, 21.771127814336545 38.22354914122295, 21.771857013927153 38.222725429859814, 21.77046693549462 38.22163774431497, 21.76915318537453 38.22252024471107, 21.766944679210354 38.2247038037757, 21.765983409968115 38.22402698448875, 21.76669843844068 38.22168862660652, 21.760785854723707 38.22312996440024, 21.760770717741206 38.22324267897121, 21.760762653147715 38.2233027321648, 21.76075394163837 38.223367602843126))"
24,Γ42,Εθνικο Σταδιο,"POLYGON ((21.76076037774754 38.22123242140727, 21.76051682066102 38.2202700557532, 21.75806715548187 38.21678394739648, 21.756229961000084 38.21412797424279, 21.756051594288987 38.21391970993009, 21.751995412033253 38.21807249834314, 21.750470976016498 38.21958819916208, 21.74690604330568 38.22009198972494, 21.746071510454183 38.22032986453696, 21.747532850656604 38.22348943808832, 21.747718314668962 38.22537861915244, 21.74776761968604 38.2260136155973, 21.74822168873824 38.2257806308853, 21.7538669899347 38.22264832876578, 21.75480916391201 38.22259388413469, 21.7561964858565 38.22299434965319, 21.756939865971415 38.223144459024866, 21.75777441078654 38.223278424727404, 21.760770717741206 38.22324267897121, 21.760797029445463 38.223046753815005, 21.76076037774754 38.22123242140727))"
25,Γ15,Εξω Αγυια,"POLYGON ((21.74498613731815 38.27702899967815, 21.745599213724788 38.281080636444955, 21.750172280836786 38.28105148505979, 21.75103437251877 38.28149658389417, 21.751663434632455 38.28132681212879, 21.7531552139212 38.27701139104096, 21.753386911377476 38.276816153085456, 21.75479048240575 38.275470414016, 21.756994976972468 38.27371020511042, 21.758492359397476 38.27263029174546, 21.75818296487157 38.27219638989468, 21.75737038763413 38.2710567842844, 21.75561165121369 38.26890744851604, 21.752814098586576 38.27025739198174, 21.749408715078857 38.27198268467745, 21.746720514363155 38.27340370571733, 21.744340202499966 38.274760509511786, 21.743518933135686 38.2734480541845, 21.742575016276078 38.27404498959291, 21.743283154416158 38.273597163324744, 21.743399320288145 38.27352369884276, 21.742672189057267 38.27433998021614, 21.743259846659676 38.275913411252645, 21.74498613731815 38.27702899967815))"
26,Γ51,Επιχειρησιακο Κεντρο,"MULTIPOLYGON (((21.725195281487675 38.22380912187503, 21.725287121397916 38.22376161411004, 21.72539965288074 38.223703403362805, 21.725188684333457 38.22295095582087, 21.724649100925117 38.222394361205325, 21.724652612891308 38.22235452845802, 21.724696426894628 38.221857665835145, 21.72598328205043 38.2217094442512, 21.725891017329896 38.22036578172224, 21.72587080631969 38.22007144217956, 21.726065446449724 38.21887679322941, 21.726120201236657 38.218834197758255, 21.72641231145278 38.21860695702408, 21.726631139637128 38.218372784689784, 21.726238881246665 38.217382925257745, 21.726168297772354 38.21716516127875, 21.725935602828578 38.21644724020823, 21.725234647476626 38.21644319025139, 21.72450483530309 38.216977386665725, 21.724398761219305 38.21716011654751, 21.724389875796245 38.21717542393947, 21.723816551778505 38.21753622664809, 21.722759458470843 38.21771121361344, 21.722385702152945 38.21777887434955, 21.721379699215586 38.21796098497268, 21.720681352000213 38.218066627253805, 21.719933561366144 38.21580433991973, 21.719797780062038 38.21539354948462, 21.719790563080792 38.2153685249268, 21.71976976646838 38.21529641439467, 21.719508754527926 38.2143913706421, 21.719554606290924 38.214146834627876, 21.71879171516162 38.212320740867625, 21.717634862710042 38.21073295780622, 21.716447340116606 38.20951687275608, 21.716812736947944 38.20920808112337, 21.716869329296806 38.2091877761021, 21.717225521199488 38.20905997499085, 21.71732626997872 38.208971376886005, 21.717441267167196 38.20887920461774, 21.71757444449741 38.208772460299976, 21.71771757661273 38.208659053995326, 21.71802672277672 38.20842910491503, 21.718062409381794 38.208402560037584, 21.718526591242565 38.20830361254195, 21.718678140074736 38.208255952257616, 21.71884239491772 38.20820429647421, 21.7194031566733 38.20797011217938, 21.719505472939378 38.20792738254898, 21.719513231178894 38.207924142543675, 21.719504134200943 38.207906868583756, 21.71943004035436 38.207766162469746, 21.71928397727656 38.207488784100285, 21.719426987610603 38.207394513185, 21.72085881400771 38.20645064085529, 21.72103110315842 38.20633706315864, 21.721091246589683 38.20628038155244, 21.72151836502496 38.205877838632404, 21.72106337163712 38.205480765641205, 21.7210569493306 38.205475161421894, 21.719904120449606 38.20446905966812, 21.71978919736302 38.20436876161123, 21.719142505354895 38.203912011512, 21.713927234776232 38.20745475385918, 21.71107859541028 38.204823935133376, 21.71021589542785 38.20579421490513, 21.710576598741415 38.20613484177554, 21.712179052191825 38.208361732153556, 21.713655592508317 38.20955527652297, 21.713838032624036 38.209814605295264, 21.715321887184746 38.21065845313764, 21.71551540798667 38.210768639683224, 21.71618040508869 38.2113431880216, 21.717431631880764 38.213510133099405, 21.717914456951046 38.21452757853337, 21.71813582764834 38.2145342526479, 21.71882625787181 38.216517473477474, 21.72017636612717 38.219731728306684, 21.720824600096492 38.22210428140333, 21.721301234647573 38.22411338413353, 21.72134715338372 38.22419529129622, 21.724048539369864 38.22400681846894, 21.725195281487675 38.22380912187503)), ((21.715480948524625 38.21074901926138, 21.715223538525166 38.210949705589336, 21.71551540798667 38.210768639683224, 21.715480948524625 38.21074901926138)))"
27,Γ13,Ζαβλανι,"POLYGON ((21.746584410344923 38.25599249539144, 21.74758404757786 38.25651951128425, 21.747985456790303 38.25734592440029, 21.748094321061146 38.25881424646089, 21.74862197501819 38.259522866774304, 21.748990791958825 38.26004020070901, 21.74961241505726 38.26091398694773, 21.750191137603505 38.26164801743899, 21.752181082372033 38.26065399358273, 21.751744260104317 38.260222058168566, 21.751603991156077 38.26008868135323, 21.751644112621168 38.26005223626209, 21.75121816232763 38.25932993461699, 21.751309421065265 38.25922054471286, 21.751354788686907 38.25916616279641, 21.75187122411767 38.258547112064825, 21.75198387210647 38.258266990799086, 21.753559765325104 38.258312058876015, 21.75355976533092 38.258312058870715, 21.75400430916507 38.2583247682941, 21.755754367591273 38.25852229265482, 21.756611111027645 38.25890106727189, 21.75748537408577 38.258148724911045, 21.756705596196717 38.257018285437155, 21.75667889367395 38.255575805595065, 21.75732986302654 38.25486467156801, 21.757476403956087 38.25504238969087, 21.757886738395992 38.2553532634669, 21.75842183312749 38.2550228652297, 21.758206688585656 38.25445645411991, 21.75905025454503 38.2540100698468, 21.758939762046932 38.25382581746426, 21.758735391095087 38.253609955933634, 21.759596666254854 38.252827399083365, 21.759648905141262 38.2528270609345, 21.75965380731177 38.252827029200944, 21.759877679329044 38.252374963545314, 21.75930158371451 38.25192807622864, 21.755895521840696 38.25127991770139, 21.749056271964452 38.2542520231288, 21.749084382243346 38.25429241982951, 21.747659629859967 38.25509618898279, 21.747760039494526 38.255242946058715, 21.746585658338994 38.25585424026048, 21.746584410344923 38.25599249539144))"
28,Γ45,Ζαρουχλεϊκα,"POLYGON ((21.73019279325918 38.22271283144904, 21.730702237809467 38.22359098257766, 21.73105708862789 38.22355064016515, 21.731098764373172 38.22428104723146, 21.73142097762575 38.22546145719806, 21.73183333390191 38.22617274500735, 21.732344730590675 38.226614752851624, 21.7331345478431 38.226850546625315, 21.733730412438046 38.22797961495014, 21.733899676231783 38.228733882457256, 21.73453254846398 38.22940173730348, 21.73532015954461 38.23094695922015, 21.7362972815675 38.23241451254785, 21.738102344018536 38.23178383066774, 21.7398642265996 38.23046184658623, 21.74128743203143 38.22936630880573, 21.740764688177652 38.22807309785091, 21.739501725086626 38.22108057079832, 21.738593873550116 38.21846378193043, 21.737157823243457 38.21883648807306, 21.735521049924586 38.21954557948538, 21.734075247407183 38.22000045251335, 21.73064504609646 38.221221585774884, 21.72992163834354 38.221282096296456, 21.729918589560654 38.22128250767625, 21.729964284654773 38.22137234854797, 21.730301201414292 38.22173362401834, 21.73019279325918 38.22271283144904))"
29,Γ55,Ιτιες - Λευκα,"MULTIPOLYGON (((21.72926162831167 38.208362391989716, 21.729012993489654 38.20793157695894, 21.72896199989605 38.20784321812139, 21.728949239506143 38.20784144472509, 21.72851891743729 38.208023834023216, 21.728453442870165 38.2080558301667, 21.72834165190604 38.20811331884074, 21.728158891853326 38.20821749012552, 21.728124257103303 38.20817687447022, 21.728013491644194 38.2081566460526, 21.72782872629509 38.2081162349046, 21.727764319182764 38.20810214820161, 21.727662238776336 38.207674995327736, 21.72765451876158 38.20764397375047, 21.727616798080632 38.207483396176364, 21.72754776749905 38.20718741620713, 21.72729439105742 38.207143361558856, 21.727296680385887 38.20696157949549, 21.727220306758195 38.206791609966366, 21.727203728565787 38.20675078959682, 21.72718282377698 38.206699312090315, 21.72711033058887 38.206520805974385, 21.72692972461328 38.206321047690054, 21.72592951574937 38.205394212049036, 21.724691025143127 38.20478468341344, 21.724413841589893 38.20441116581301, 21.723862857987864 38.204269000906116, 21.723752150421742 38.204114337662, 21.723366761980405 38.20357743708606, 21.722404598903182 38.20292361260158, 21.72191539275925 38.20345409741383, 21.72018512936276 38.2038748331223, 21.71978919736302 38.20436876161123, 21.719904120449606 38.20446905966812, 21.72106337163712 38.205480765641205, 21.72151836502496 38.205877838632404, 21.721091246589683 38.20628038155244, 21.72103110315842 38.20633706315864, 21.72085881400771 38.20645064085529, 21.719426987610603 38.207394513185, 21.71928397727656 38.207488784100285, 21.719513231178894 38.207924142543675, 21.7194031566733 38.20797011217938, 21.71884239491772 38.20820429647421, 21.718526591242565 38.20830361254195, 21.718062409381794 38.208402560037584, 21.71802672277672 38.20842910491503, 21.71771757661273 38.208659053995326, 21.71757444449741 38.208772460299976, 21.71732626997872 38.208971376886005, 21.717225521199488 38.20905997499085, 21.716869329296806 38.2091877761021, 21.716812736947944 38.20920808112337, 21.716447340116606 38.20951687275608, 21.717634862710042 38.21073295780622, 21.71879171516162 38.212320740867625, 21.719554606290924 38.214146834627876, 21.719691743233685 38.21410919970992, 21.719776322822653 38.21408598787446, 21.720063146767306 38.21400727306898, 21.720331149427963 38.21393372184341, 21.720623553466208 38.21385347408802, 21.720979649668408 38.2137557444615, 21.723235722434946 38.21313654080409, 21.72326061692849 38.2131297079313, 21.723261092842044 38.21312957209088, 21.72332988931102 38.21310971883246, 21.7234493056465 38.213075261584265, 21.723539795704884 38.213049365606835, 21.724571171100692 38.21275420573983, 21.72520040432519 38.21257950794488, 21.72485332795269 38.21078452025654, 21.725322453273243 38.21071136325157, 21.72515931429564 38.20971673823208, 21.72632214712229 38.20979077229669, 21.72777945070523 38.209412745186306, 21.728546856690983 38.20896739036262, 21.73046429415688 38.20884082477274, 21.72994058959735 38.2081028402366, 21.729842675933025 38.208140271223336, 21.72926162831167 38.208362391989716)), ((21.728013491644194 38.2081566460526, 21.7280210928728 38.20815767268304, 21.728050114961096 38.2081615911324, 21.728051037505097 38.20816171530683, 21.728013491644194 38.2081566460526)))"
30,Γ48,Ιωαννης Πρατσικας,"POLYGON ((21.73745632265582 38.21435538064782, 21.73637324216992 38.21088540780478, 21.733298073433605 38.211419369826054, 21.73045384510584 38.21179356409972, 21.730972665884444 38.21273543052967, 21.731619745055127 38.21346127098517, 21.732427991134465 38.2138240224698, 21.73305378257145 38.21493829808536, 21.73425905183837 38.21736358372076, 21.734547592582707 38.21853439663589, 21.735521049924586 38.21954557948538, 21.737157823243457 38.21883648807306, 21.738593873550116 38.21846378193043, 21.738055290329303 38.216871454884384, 21.73745632265582 38.21435538064782))"
31,Γ10,Κατω Συχαινα,"POLYGON ((21.764200009583025 38.26293850749296, 21.762247541430106 38.263777098175915, 21.761861210286217 38.26340564713278, 21.760968245336112 38.26368723967408, 21.759965426353546 38.264209328577266, 21.762367252081503 38.26522022529654, 21.763087764857907 38.26659505519067, 21.763113104230907 38.26705849853388, 21.7635215244881 38.26798343597112, 21.763710426627913 38.26841362205046, 21.76375740836694 38.268520613087574, 21.76376244088592 38.2685350299439, 21.763794323013734 38.26862637592359, 21.763907036156972 38.26899179267842, 21.76402947581396 38.269388736197044, 21.764050165839645 38.26945581163652, 21.764062573441556 38.2694960355106, 21.764109249392288 38.269647353833456, 21.764207913103352 38.26996721224371, 21.764215673788826 38.269992371527856, 21.764231650541184 38.27004416573742, 21.764315765848465 38.27031685439262, 21.764351781084677 38.27043360834229, 21.76435178114488 38.270433608537445, 21.764398466929357 38.270584952044906, 21.764402092067176 38.27059670547927, 21.764431304728262 38.27064932503717, 21.764590400235843 38.27092143232962, 21.76466618906715 38.27105105756973, 21.764743724531783 38.27118366889609, 21.764781161523672 38.27124568210363, 21.764866787284983 38.27139951213584, 21.76496810329473 38.271581527802354, 21.765062593266187 38.27175151812059, 21.765071187825775 38.27176697956924, 21.76508012358821 38.27178305574959, 21.76509813054483 38.27181545127802, 21.765303851426157 38.27206230386206, 21.76560489616402 38.27242353354896, 21.765716167389794 38.27256677633637, 21.76594203700517 38.27285239197251, 21.766061646169142 38.27262684962288, 21.766383253326914 38.273286269213585, 21.768405115587832 38.27530081001452, 21.795254770785277 38.2737700531127, 21.795816504997095 38.27286501682499, 21.798661978860544 38.2717191478761, 21.79893541380575 38.27059075170072, 21.800923446578423 38.26945066330772, 21.80119683855113 38.268322261907585, 21.800965350966134 38.26828936914712, 21.802329976798646 38.26741329099723, 21.802884134781728 38.26583235110073, 21.805165185900407 38.26536610659685, 21.80629573828197 38.26423180799227, 21.807729461480292 38.264672561458546, 21.809436450820893 38.26398487734883, 21.810301195814052 38.26465482998733, 21.80918069801999 38.266690325437025, 21.809496461584782 38.269391830252886, 21.813502219674785 38.26981473923775, 21.812908081633243 38.26779109560192, 21.81375027976583 38.26643341644394, 21.81373268485134 38.26485638990358, 21.813153652472394 38.26418448308526, 21.814855544321993 38.26304614163629, 21.815128697927808 38.26191770922662, 21.812810166996346 38.259004799578136, 21.80851678603179 38.25835853850422, 21.806531664231102 38.259724043172525, 21.805689406039413 38.26108167268841, 21.803115314424524 38.26087401143003, 21.802817183766965 38.259749515124604, 21.801378636878223 38.258858118980896, 21.799952476627123 38.25909315740657, 21.79882190274793 38.26022739608669, 21.796531129261393 38.25979235369036, 21.795109845200848 38.26047791502074, 21.793388097018504 38.25981364671716, 21.793368496439566 38.25801131959063, 21.791930097619566 38.25711980570888, 21.790762799991377 38.25487460165541, 21.791038741292738 38.25397151124128, 21.791893419041113 38.253740439136266, 21.79276277768522 38.254861107496644, 21.794198689162666 38.25552732091517, 21.794782386836626 38.25664990674938, 21.796499153066847 38.2568635740478, 21.797351384405097 38.256407171336626, 21.799649463663407 38.25751807092522, 21.800792347159604 38.257510277156385, 21.80420609493163 38.25613508681844, 21.805353929121935 38.25657782957288, 21.808782529293914 38.256554248701505, 21.810203606124084 38.25586852357842, 21.803314223328247 38.252986890785685, 21.801890660020437 38.25344724227355, 21.8004473072265 38.25210525081347, 21.798447408794694 38.25211887510862, 21.79702629136094 38.25280445870354, 21.795587952403874 38.251912988240385, 21.794445155123938 38.25192073037265, 21.792171788078754 38.25306263727549, 21.79072617842034 38.251495232833136, 21.789295251438066 38.25127955809093, 21.78900224657961 38.250605605014535, 21.786702116701722 38.249269199861295, 21.78269521194729 38.24862006868639, 21.780421759014388 38.249761749464696, 21.780465130281698 38.25381700304112, 21.78276045896181 38.25470294586688, 21.78474589772603 38.25333783884934, 21.786171998015845 38.25310298570675, 21.788469805925573 38.254214107843936, 21.78848197879116 38.25534056442785, 21.784484413971487 38.25559266454526, 21.782491660805185 38.25628189262397, 21.778774929235738 38.256081309986634, 21.777922583122123 38.25653757901195, 21.777648871154636 38.25766593183019, 21.77679410072735 38.257896901005395, 21.776217858738757 38.25745009872459, 21.774505916289424 38.25768671815618, 21.773358246539555 38.25724367190186, 21.77248676914899 38.255897565219165, 21.772762941057945 38.25499451548189, 21.774181943447314 38.254083930983946, 21.77416760164129 38.252732178153934, 21.773303327097228 38.25206195278866, 21.771303416828765 38.25207511450785, 21.769039172978882 38.25411774655517, 21.768767705476943 38.255471372824765, 21.767629585716072 38.25592943916742, 21.766479617692784 38.25526103232197, 21.766746392223276 38.25345682581476, 21.766170246458017 38.25300997283436, 21.762741777786598 38.253032307000794, 21.762769901860544 38.25340471844087, 21.76302983952055 38.25325574238338, 21.76331346077935 38.25929196965575, 21.763583322839004 38.2590667963846, 21.76416240702163 38.2593643859355, 21.763525285187523 38.25976172025046, 21.763254672936053 38.25982325768592, 21.76340512217996 38.2618150012768, 21.764200009583025 38.26293850749296), (21.786847882532147 38.262786681510676, 21.788559901220506 38.26254988135297, 21.790572299164314 38.26366287688041, 21.792574965891912 38.26387467411017, 21.792587206368612 38.26500112771831, 21.7900349713465 38.26682079753215, 21.79050376003997 38.26688562081636, 21.788904123880368 38.26795494214892, 21.786332259776263 38.267972205932054, 21.784598292889804 38.2661813553886, 21.781738317757195 38.26597513704395, 21.781474288259705 38.26800466152056, 21.782062726440266 38.26957789152434, 21.780926886378918 38.27026137832781, 21.7789072301976 38.26847234510674, 21.77634013829472 38.268939972842475, 21.775475649454318 38.26826976757984, 21.777166229667106 38.26600550871589, 21.780102238362996 38.26556448292297, 21.781735903030977 38.265749845789834, 21.78229532974193 38.26461958058761, 21.782285664586595 38.26371841542944, 21.78141877109244 38.26282296191898, 21.781697271077018 38.2621451845267, 21.785409466828547 38.26189508857134, 21.786847882532147 38.262786681510676), (21.766872942438603 38.25902960431678, 21.766956113657546 38.25838193841382, 21.768771927797484 38.25648122999473, 21.770033180558215 38.25614313285239, 21.77091385388667 38.25685906336732, 21.77311646510502 38.25836171109518, 21.774070021262443 38.258766863291484, 21.774252904593173 38.25951946806957, 21.77221156352952 38.25999262369084, 21.770428756418067 38.260295860079076, 21.76923798899165 38.260398075184845, 21.766872942438603 38.25902960431678))"
32,Γ20,Κεντρο,"MULTIPOLYGON (((21.729990845664428 38.24718020426952, 21.73089267881609 38.24708926202424, 21.730901888596353 38.2470964893244, 21.731289202233928 38.24740041535907, 21.73160070705109 38.247645766438225, 21.731997807488284 38.24795692857912, 21.73231249772111 38.24820288003725, 21.732340838340846 38.24822493849249, 21.732413428869876 38.248281436536296, 21.73539527799254 38.25061885045106, 21.735400063161343 38.25063612373836, 21.735453537360943 38.25082916016488, 21.73568567259719 38.251012007527386, 21.73616723861942 38.25244786805346, 21.742368772184786 38.25135144026864, 21.743047290352525 38.250981960757834, 21.74166331179408 38.24973491304205, 21.74098206310489 38.24921579787488, 21.7407405881508 38.249144217779794, 21.7376228614416 38.24673976957418, 21.73761280630714 38.24673166866163, 21.737103474732514 38.24632130849988, 21.733425251299145 38.243497494190905, 21.729381280269568 38.246939018087915, 21.72960204192193 38.24708985079591, 21.729990845664428 38.24718020426952)), ((21.729381280269568 38.246939018087915, 21.72889427345534 38.246606273133246, 21.728988871074645 38.24667090696931, 21.729381280269568 38.246939018087915)), ((21.733628546592755 38.24923752406604, 21.733693167300757 38.24928763994541, 21.733747822060007 38.24933002661657, 21.73364887680123 38.2494076227895, 21.73426901426965 38.249896115391294, 21.734295823597748 38.24987495320353, 21.734370653365968 38.24981569275465, 21.732807633283134 38.24859045885804, 21.73281993483613 38.24860015306353, 21.733092547090685 38.24881411182523, 21.73328116264402 38.2489626540035, 21.73341276425438 38.24906629454017, 21.733628546592755 38.24923752406604)), ((21.734988055271103 38.25030155702203, 21.735045692101995 38.25034620922855, 21.735196765625503 38.25046324753696, 21.734389743112747 38.24983065660502, 21.734550997442106 38.249958996405674, 21.734592532092236 38.24999140934964, 21.734753929653923 38.25011736059962, 21.734988055271103 38.25030155702203)))"
33,Γ37,Κετες,"POLYGON ((21.75539317616316 38.237777481521114, 21.755897795572125 38.23744891270518, 21.757905106510957 38.23655748219658, 21.757538829342348 38.23622895440817, 21.75891786515174 38.23540796985732, 21.7602043660461 38.23391837365567, 21.76058511071369 38.23320378847103, 21.760699887603042 38.23066436886613, 21.755200193532094 38.23212540869117, 21.75466371469315 38.232193341738814, 21.7537138839546 38.232728278067874, 21.75120702401208 38.235531669445734, 21.749272156160465 38.23724022016016, 21.752137580863653 38.23848192448137, 21.753130475363378 38.238138689593036, 21.753839730482312 38.23858713570372, 21.75435581792095 38.238435566373724, 21.754905036577956 38.23824510627411, 21.75539317616316 38.237777481521114))"
34,Γ8,Κοτρωνι,"POLYGON ((21.757530302489194 38.271281060991925, 21.75818296487157 38.27219638989468, 21.758492359397476 38.27263029174546, 21.760984377768295 38.27485807135359, 21.76106679903484 38.2749317500812, 21.765062593266187 38.27175151812059, 21.76496810329473 38.271581527802354, 21.764866787284983 38.27139951213584, 21.764781161523672 38.27124568210363, 21.764743724531783 38.27118366889609, 21.764431304728262 38.27064932503717, 21.764402092067176 38.27059670547927, 21.764351781118133 38.27043360845074, 21.764351781084677 38.27043360834229, 21.764315765848465 38.27031685439262, 21.764231650541184 38.27004416573742, 21.764215673788826 38.269992371527856, 21.764207913103352 38.26996721224371, 21.764062573441556 38.2694960355106, 21.764050165839645 38.26945581163652, 21.76402947581396 38.269388736197044, 21.763907036156972 38.26899179267842, 21.763794323013734 38.26862637592359, 21.76376244088592 38.2685350299439, 21.76236715029032 38.26918541016288, 21.757530302489194 38.271281060991925))"
35,Γ40,Κουτσαεγλυκαδες,"POLYGON ((21.754097426260234 38.229362683396076, 21.754210811454513 38.22936127739332, 21.754565134745793 38.23154953667448, 21.7551726105618 38.23212890152029, 21.755200193532094 38.23212540869117, 21.760699887603042 38.23066436886613, 21.76069839746339 38.228200340678825, 21.76062306051894 38.22474429488917, 21.76077699312163 38.22452788451447, 21.76077686080744 38.22452009388625, 21.760774185361463 38.22436202894477, 21.76077291151051 38.22428683587587, 21.76076339735272 38.22377511475314, 21.760760049243434 38.22363082630779, 21.76075695614618 38.223497516176856, 21.76075394163837 38.223367602843126, 21.760762653147715 38.2233027321648, 21.760770717741206 38.22324267897121, 21.75777441078654 38.223278424727404, 21.756939865971415 38.223144459024866, 21.756206826367205 38.22299643788072, 21.755201162026065 38.22708431253163, 21.754097426260234 38.229362683396076))"
36,Γ33,Κρητικα,"MULTIPOLYGON (((21.749132316317212 38.24503790936438, 21.747610852095068 38.24444355539987, 21.746857035291047 38.24419506194657, 21.744919457235408 38.24496527154373, 21.743622520611734 38.24512676083266, 21.743325513374092 38.243724054934624, 21.743177552744466 38.243412237175825, 21.742146399580665 38.24385569080789, 21.74213071303799 38.24386243678436, 21.744022707775134 38.24586323059917, 21.744022707775137 38.24586323059917, 21.744022707775137 38.24586323059917, 21.74408010068023 38.24586805674249, 21.744137735882912 38.245940289652154, 21.74980859635514 38.24568048042061, 21.74980467592458 38.245298850480566, 21.749132316317212 38.24503790936438)), ((21.748323332957316 38.24701558339468, 21.74759862720802 38.247166469898424, 21.747266805215347 38.24826983051522, 21.748348974578764 38.24864058598488, 21.74958848597904 38.24838639789284, 21.75002936132481 38.248839915085284, 21.750169287526987 38.24843139308336, 21.749986274163994 38.247781024989024, 21.74869174324702 38.247663937138164, 21.748323332957316 38.24701558339468)))"
37,Γ50,Κρυα-Ιτεων,"MULTIPOLYGON (((21.724691025143127 38.20478468341344, 21.72592951574937 38.205394212049036, 21.72692972461328 38.206321047690054, 21.727470380470667 38.2061801656884, 21.728339400170835 38.20613002479447, 21.728263909216665 38.20526044015027, 21.725386337334456 38.203025152026804, 21.723836827067792 38.20423263465767, 21.723862857987864 38.204269000906116, 21.724413841589893 38.20441116581301, 21.724691025143127 38.20478468341344)), ((21.719508754527926 38.2143913706421, 21.71976976646838 38.21529641439467, 21.719790563080792 38.2153685249268, 21.719797780062038 38.21539354948462, 21.719933561366144 38.21580433991973, 21.720681352000213 38.218066627253805, 21.721379699215586 38.21796098497268, 21.722385702152945 38.21777887434955, 21.722759458470843 38.21771121361344, 21.723816551778505 38.21753622664809, 21.724389875796245 38.21717542393947, 21.724398761219305 38.21716011654751, 21.72450483530309 38.216977386665725, 21.725234647476626 38.21644319025139, 21.725935602828578 38.21644724020823, 21.726534947522538 38.21623579459582, 21.72633577847102 38.21447960531172, 21.726304128974522 38.212466456223765, 21.720653488468496 38.21411798202234, 21.719508754527926 38.2143913706421)), ((21.715185015570647 38.210973603801804, 21.716081387097116 38.21502372192966, 21.715224706330346 38.21502894467259, 21.71523352758203 38.21593013114655, 21.71695575279503 38.216820865071, 21.717254590153313 38.21817089922035, 21.718401310371068 38.218614506640634, 21.719273559073617 38.220186334182046, 21.71928686846146 38.221538111450606, 21.7187201305915 38.22199220247841, 21.719300178740585 38.22288988840312, 21.71904294601957 38.223729235764154, 21.719562206537045 38.223618029419754, 21.7200916607475 38.223504637256966, 21.721092738831494 38.22323455012709, 21.720824600096492 38.22210428140333, 21.72017636612717 38.219731728306684, 21.71882625787181 38.216517473477474, 21.71813582764834 38.2145342526479, 21.717914456951046 38.21452757853337, 21.717431631880764 38.213510133099405, 21.71618040508869 38.2113431880216, 21.71551540798667 38.210768639683224, 21.715223538525166 38.210949705589336, 21.715223538525173 38.210949705589314, 21.715185015570647 38.210973603801804)))"
38,Γ39,Λαγγουρα,"POLYGON ((21.756206826367205 38.22299643788072, 21.7561964858565 38.22299434965319, 21.75480916391201 38.22259388413469, 21.7538669899347 38.22264832876578, 21.74822168873824 38.2257806308853, 21.74776761968604 38.2260136155973, 21.747913734988632 38.227748841481386, 21.747799156824176 38.22984337703111, 21.74862969006841 38.22978234194962, 21.75187865996997 38.2295919241055, 21.754097426260234 38.229362683396076, 21.755201162026065 38.22708431253163, 21.756206826367205 38.22299643788072))"
39,Γ53,Μακρυγιαννη,"POLYGON ((21.744766371868124 38.20958183107712, 21.739797348225398 38.21043321683733, 21.738680171470822 38.21048750607478, 21.73637324216992 38.21088540780478, 21.73745632265582 38.21435538064782, 21.738055290329303 38.216871454884384, 21.738593873550116 38.21846378193043, 21.74468694357224 38.21655667757785, 21.745171731307735 38.216266006515745, 21.746157137759777 38.214690550570445, 21.746004411145776 38.21386386019895, 21.745921105188273 38.213234040868464, 21.744766371868124 38.20958183107712))"
40,Γ54,Μεταμορφωση Σωτηρως,"POLYGON ((21.727203728565787 38.20675078959682, 21.727220306758195 38.206791609966366, 21.727296680385887 38.20696157949549, 21.72729439105742 38.207143361558856, 21.72754776749905 38.20718741620713, 21.727572946504523 38.20728914074199, 21.727616798080632 38.207483396176364, 21.72765451876158 38.20764397375047, 21.727662238776336 38.207674995327736, 21.727764319182764 38.20810214820161, 21.72782872629509 38.2081162349046, 21.728013491644194 38.2081566460526, 21.72812518690056 38.20817172654965, 21.728124257103303 38.20817687447022, 21.728158891853326 38.20821749012552, 21.728254381785987 38.208163061517595, 21.72834165190604 38.20811331884074, 21.728453442870165 38.2080558301667, 21.728471684497286 38.208046915845905, 21.728475850264942 38.20804487960918, 21.72851891743729 38.208023834023216, 21.728949239506143 38.20784144472509, 21.728958669898873 38.20783744800145, 21.72896199989605 38.20784321812139, 21.728982063347953 38.20787798282584, 21.729012993489654 38.20793157695894, 21.729053656932027 38.20800203493681, 21.729105153550123 38.20809126490746, 21.729129908438185 38.20813415823559, 21.72926162831167 38.208362391989716, 21.729437869237987 38.20829501931445, 21.729842675933025 38.208140271223336, 21.72994058959735 38.2081028402366, 21.72996014226934 38.208095365522276, 21.72996299577494 38.208094274542255, 21.730011121571454 38.20807587723494, 21.730072655358274 38.20816069641025, 21.73265226150465 38.208187888422536, 21.73293287368884 38.209019495045425, 21.73624618615314 38.208161965319206, 21.736665956006426 38.20854369440019, 21.738006951243165 38.208225374276104, 21.73820429404224 38.20862639520695, 21.740919012648256 38.20819232550935, 21.74050798700114 38.20655359996553, 21.740369099104214 38.206100467573755, 21.740743604746324 38.20530959691947, 21.742830557651022 38.2051312742023, 21.742941353927417 38.20481620071265, 21.744510886097366 38.20443346790905, 21.74553125939153 38.20405582233434, 21.74629539883966 38.20400987212414, 21.747842341575893 38.20445198560558, 21.749059294276215 38.204681827406006, 21.74715473231953 38.2041193584385, 21.74619957953817 38.20393027605571, 21.745474828450995 38.20404133631365, 21.744306785379372 38.203744779108625, 21.74277208963176 38.20379053187732, 21.74092782396412 38.20348218646349, 21.739409497744553 38.20311987891316, 21.738245885043142 38.20331733312281, 21.737295614429456 38.20294567900848, 21.736655244822007 38.2028706620509, 21.735401700951417 38.20320858733164, 21.73655055012737 38.20456275773003, 21.736934486432467 38.2052381959916, 21.735930515784172 38.205638432942564, 21.73402531637376 38.20607651027218, 21.733217898842607 38.2063745277028, 21.73195179976711 38.20633452008805, 21.72984571963171 38.206043098219425, 21.728442848976844 38.206124055549324, 21.728339400170835 38.20613002479447, 21.727470380470667 38.2061801656884, 21.72692972461328 38.206321047690054, 21.72711033058887 38.206520805974385, 21.72718282377698 38.206699312090315, 21.72718800016176 38.206712057279084, 21.727203728565787 38.20675078959682))"
41,Γ52,Μπεγουλακι,"POLYGON ((21.755069329416564 38.21084076410438, 21.75503719277853 38.20967777064606, 21.755136965342984 38.207940389839074, 21.75493960300508 38.20703366854274, 21.751993728838013 38.207792972908884, 21.75139442942926 38.2079773808311, 21.75133650914254 38.20799520303023, 21.75093665141274 38.2081178564, 21.74903061344586 38.208713338598756, 21.74718875865199 38.209166495398165, 21.74492796216211 38.209526004515666, 21.744766371868124 38.20958183107712, 21.745921105188273 38.213234040868464, 21.746004411145776 38.21386386019895, 21.74907274838432 38.213119044411975, 21.749544935028517 38.21348572137413, 21.75321213295069 38.21274062203445, 21.755276115732688 38.212373781223796, 21.75509533987439 38.2111988597352, 21.755072262589856 38.2108811475519, 21.755069329416564 38.21084076410438))"
42,Γ6,Μποζαϊτικα,"POLYGON ((21.77078187904437 38.28189805400586, 21.771442544587725 38.28252527607494, 21.772428160947953 38.282401397011455, 21.775303317307916 38.28229528243847, 21.77777345952764 38.2824499334666, 21.77901732243151 38.28277366429299, 21.780949240908342 38.281421555136085, 21.779934273213726 38.28085939477823, 21.77849883222478 38.28045788152766, 21.777231631354155 38.28031406942565, 21.77557337688994 38.28027343236471, 21.77453168531484 38.28002158789092, 21.773985820554095 38.27942806926741, 21.772976720284788 38.27892896985848, 21.772834038433746 38.27842468988322, 21.772162383507073 38.27868915921427, 21.769171157509238 38.280691534986275, 21.768009263496765 38.28130110856337, 21.769748126549835 38.28289077471111, 21.77078187904437 38.28189805400586))"
43,Γ19,Νορμαν,"POLYGON ((21.743337036419877 38.2521634415634, 21.742368772184786 38.25135144026864, 21.73616723861942 38.25244786805346, 21.736766948245513 38.25429694025665, 21.73807233327651 38.25402887348455, 21.73828991347469 38.25471938157812, 21.73830539853078 38.25476852410696, 21.739228661014533 38.25769842548828, 21.742450318868386 38.256852867213645, 21.74643450484968 38.255866818786004, 21.746341209936826 38.255673971808065, 21.743337036419877 38.2521634415634))"
44,Γ38,Νοσοκομειο,"POLYGON ((21.7537138839546 38.232728278067874, 21.75466371469315 38.232193341738814, 21.7551726105618 38.23212890152029, 21.754565134745793 38.23154953667448, 21.754210811454513 38.22936127739332, 21.754097426260234 38.229362683396076, 21.75187865996997 38.2295919241055, 21.74862969006841 38.22978234194962, 21.747799156824176 38.22984337703111, 21.74773070105037 38.232074074376456, 21.747561380530662 38.232786061787046, 21.74669512956195 38.23485730755305, 21.745596129869686 38.23721117952496, 21.74529611631 38.2379206503342, 21.746490816976525 38.23799605622239, 21.747682849699764 38.23776623032526, 21.749272156160465 38.23724022016016, 21.75120702401208 38.235531669445734, 21.7537138839546 38.232728278067874))"
45,Γ34,Παγωνα Αγ. Παρασκευη,"POLYGON ((21.745187410466794 38.23926159768904, 21.74547766816581 38.24016950689925, 21.747073110121992 38.24073425703426, 21.74830142342738 38.24152601786083, 21.7490207657627 38.240255972368715, 21.749502941813322 38.23993685718432, 21.75129908159719 38.23982109928495, 21.752680896710316 38.23960546701094, 21.753758889475172 38.239961222973086, 21.75392160412845 38.24014530143082, 21.755107456809093 38.24042781004988, 21.755637522344088 38.23992871538424, 21.75435581792095 38.238435566373724, 21.753839730482312 38.23858713570372, 21.753130475363378 38.238138689593036, 21.752137580863653 38.23848192448137, 21.749272156160465 38.23724022016016, 21.747682849699764 38.23776623032526, 21.746490816976525 38.23799605622239, 21.74529611631 38.2379206503342, 21.745132770994775 38.23827633062288, 21.745187410466794 38.23926159768904))"
46,Γ17,Παναχαϊκη - Γλυφαδα,"POLYGON ((21.738829084252608 38.26174700730428, 21.738579841528065 38.26535350371448, 21.73913254806232 38.265313683503955, 21.73913258148668 38.26536162997389, 21.73913454354742 38.26542185345616, 21.739206276775235 38.26931001253059, 21.740893497952438 38.26902937900048, 21.743640845960243 38.26806836422015, 21.746228394217443 38.26727056280436, 21.749015344820133 38.26632990663554, 21.750638912565435 38.26619297384551, 21.753794684762077 38.26638224802131, 21.751854445804533 38.263757601701094, 21.74961241505726 38.26091398694773, 21.748990791958825 38.26004020070901, 21.748962229622745 38.26000013744046, 21.746828722724743 38.260768982638474, 21.74211748413234 38.261924087398505, 21.73908521298379 38.26281133924308, 21.738759998244305 38.26017516923167, 21.738588863918746 38.25927644184594, 21.73536838823402 38.2586144323633, 21.736234671152797 38.25951023304418, 21.738237081247053 38.25972296065442, 21.738829084252608 38.26174700730428))"
47,Γ43,Περιβολα,"POLYGON ((21.775311099676163 38.214871998161314, 21.774859356136147 38.2132201934267, 21.77605972708405 38.21281291979275, 21.777071144946955 38.21190506522065, 21.776872847433236 38.210171612844086, 21.775921181852596 38.20836332851606, 21.775243208636443 38.207414225069655, 21.77373541413824 38.206011343538464, 21.77261720197084 38.2061212180048, 21.77050206690318 38.2066149246768, 21.768127358352267 38.20723045147355, 21.766757984794065 38.207322336604506, 21.763983840190463 38.20628591476154, 21.763469627046458 38.20642583274136, 21.763197311839225 38.208348249898364, 21.764432712791265 38.20983153325847, 21.766387796497803 38.209352773723296, 21.766228851613114 38.21077867969523, 21.761527336843066 38.21181945073211, 21.76025796322977 38.21070675151807, 21.759623498825192 38.210150579970595, 21.756171455652314 38.20958574897345, 21.75507790885668 38.20940679734367, 21.755052785636053 38.20940625047822, 21.755052625822433 38.20940903333945, 21.75503719277853 38.20967777064606, 21.755069329416564 38.21084076410438, 21.755072262589856 38.2108811475519, 21.755092989408556 38.21116649451321, 21.75509533987439 38.2111988597352, 21.755276115732688 38.212373781223796, 21.755505186342205 38.2130857798967, 21.756051594288987 38.21391970993009, 21.756229961000084 38.21412797424279, 21.75674533488238 38.21486655820249, 21.76144961429321 38.21366709758764, 21.767698304168718 38.21207349888407, 21.771573873680193 38.215946184766544, 21.775311099676163 38.214871998161314))"
48,Γ30,Πλατεια Ελευθεριας,"POLYGON ((21.740624342946838 38.23141523558324, 21.740751828192032 38.231837296607935, 21.740576879086365 38.23309512789474, 21.740195969199846 38.23434775353641, 21.73990216899089 38.23711987293768, 21.745596129869686 38.23721117952496, 21.74669512956195 38.23485730755305, 21.74408792268392 38.23222162125819, 21.743208211994588 38.231199794374135, 21.74141505741763 38.229647366638645, 21.74128743203143 38.22936630880573, 21.7398642265996 38.23046184658623, 21.740624342946838 38.23141523558324))"
49,Γ7,Προαστειο,"POLYGON ((21.772392790909546 38.28547746721729, 21.785359064812127 38.283750208119656, 21.787074012590516 38.283738715431596, 21.787921744658508 38.28283179869145, 21.790784840974105 38.28326314845168, 21.79248997728923 38.2823504165023, 21.793635704927862 38.282567978215816, 21.79533833058431 38.28142991537711, 21.797058146506842 38.28186885704636, 21.79905392228526 38.28140466812199, 21.799632965552096 38.28207664249504, 21.803341137687983 38.28137539047989, 21.80219044307276 38.28070734450203, 21.799906421443243 38.28094824577267, 21.799317503714093 38.27937511351005, 21.7981644105818 38.278481737217724, 21.79814961159245 38.27712999780657, 21.794986180583077 38.27534902121443, 21.79469056727281 38.27444979650801, 21.795254770785277 38.2737700531127, 21.768690908310756 38.27529893795645, 21.768571184397413 38.27545115825559, 21.767438480105103 38.27474459881641, 21.765716167389794 38.27256677633637, 21.76560489616402 38.27242353354896, 21.765303851426157 38.27206230386206, 21.76509813054483 38.27181545127802, 21.765062593266187 38.27175151812059, 21.76106679903484 38.2749317500812, 21.761570714000655 38.275382209521446, 21.765565822293734 38.27895204942704, 21.76675534052527 38.2800956447842, 21.768009263496765 38.28130110856337, 21.769171157509238 38.280691534986275, 21.772162383507073 38.27868915921427, 21.772834038433746 38.27842468988322, 21.772976720284788 38.27892896985848, 21.773985820554095 38.27942806926741, 21.77453168531484 38.28002158789092, 21.77557337688994 38.28027343236471, 21.777231631354155 38.28031406942565, 21.77849883222478 38.28045788152766, 21.779934273213726 38.28085939477823, 21.780949240908342 38.281421555136085, 21.77901732243151 38.28277366429299, 21.77777345952764 38.2824499334666, 21.775303317307916 38.28229528243847, 21.772428160947953 38.282401397011455, 21.771442544587725 38.28252527607494, 21.77078187904437 38.28189805400586, 21.769748126549835 38.28289077471111, 21.77132721294237 38.28450196436986, 21.772392790909546 38.28547746721729))"
50,Γ27,Σκαγιοπουλειο,"POLYGON ((21.72954088171275 38.23232105416078, 21.728866864167994 38.23212220881548, 21.729023752031708 38.23420879282228, 21.729046279962926 38.2356477314204, 21.729461780585382 38.237978229808405, 21.73449017933571 38.23738769032919, 21.736917439759065 38.237065805863324, 21.7369241237805 38.237038337335825, 21.73743416648875 38.23599587141854, 21.737516624952598 38.23497703369026, 21.737366675697054 38.23415877329082, 21.736320649128658 38.2324482530395, 21.733775714102713 38.23326005176973, 21.72954088171275 38.23232105416078))"
51,Γ23,Ταμπαχανα,"POLYGON ((21.742426638070345 38.23958400260502, 21.73969936003189 38.2406828107747, 21.742146399580665 38.24385569080789, 21.743177552744466 38.243412237175825, 21.743325513374092 38.243724054934624, 21.743634671157434 38.24360580901135, 21.744401892070055 38.241670352453426, 21.74547766816581 38.24016950689925, 21.745187410466794 38.23926159768904, 21.745132770994775 38.23827633062288, 21.74529611631 38.2379206503342, 21.744681825873656 38.23838167478478, 21.742426638070345 38.23958400260502))"
52,Γ43,Τει,"POLYGON ((21.755276115732688 38.212373781223796, 21.75321213295069 38.21274062203445, 21.749544935028517 38.21348572137413, 21.74907274838432 38.213119044411975, 21.746004411145776 38.21386386019895, 21.746157137759777 38.214690550570445, 21.745171731307735 38.216266006515745, 21.74468694357224 38.21655667757785, 21.744488305929533 38.21741114620821, 21.746071510454183 38.22032986453696, 21.74690604330568 38.22009198972494, 21.750470976016498 38.21958819916208, 21.751995412033253 38.21807249834314, 21.756051594288987 38.21391970993009, 21.755505186342205 38.2130857798967, 21.755276115732688 38.212373781223796))"
53,Γ29,Τριαντειος,"POLYGON ((21.7362972815675 38.23241451254785, 21.736320649128658 38.2324482530395, 21.737366675697054 38.23415877329082, 21.737516624952598 38.23497703369026, 21.73743416648875 38.23599587141854, 21.7369241237805 38.237038337335825, 21.73990216899089 38.23711987293768, 21.740195969199846 38.23434775353641, 21.740576879086365 38.23309512789474, 21.740751828192032 38.231837296607935, 21.740624342946838 38.23141523558324, 21.7398642265996 38.23046184658623, 21.738102344018536 38.23178383066774, 21.7362972815675 38.23241451254785))"
54,Γ25,Τριων Ναυαρχων,"MULTIPOLYGON (((21.72589392859149 38.243830720306626, 21.72603843130392 38.244141071878964, 21.726257449569275 38.244388496210334, 21.726554736171856 38.24459810033452, 21.72691116069823 38.24480169596183, 21.72694335353095 38.244816490141886, 21.726999007083194 38.244763613613685, 21.7269915051247 38.244758692529054, 21.727006224800462 38.2447446505609, 21.727013069680705 38.2447486578327, 21.727028012116943 38.24473480039402, 21.727198083390636 38.24483937697591, 21.72741758691151 38.24497464660613, 21.727630302400716 38.245104107536534, 21.727711994898378 38.24515392478667, 21.72785814819353 38.24524305216456, 21.72797736563705 38.2453163203878, 21.728140336608988 38.24541647887659, 21.72842303080609 38.24558838287762, 21.728442524960485 38.245597140410126, 21.728458897494946 38.24560340457594, 21.728467898898217 38.24560420963282, 21.728472060215232 38.24560266826633, 21.728476035037293 38.24559911658227, 21.728476996394154 38.245598258446286, 21.728494315790673 38.24557988503478, 21.72872334389488 38.24571187888387, 21.728560356522685 38.24637812311493, 21.72889427553855 38.2466062745566, 21.72889427345534 38.246606273133246, 21.729381280269568 38.246939018087915, 21.733425251299145 38.243497494190905, 21.730106046937525 38.24097517188813, 21.729461780585382 38.237978229808405, 21.725862736362295 38.23840474230151, 21.72584131776771 38.23830039529209, 21.72430267846679 38.237729546281805, 21.724615160157136 38.240431326052054, 21.726352158900713 38.241779951521146, 21.72586278189206 38.2423567338117, 21.72581596276683 38.242485995381514, 21.72575859254352 38.24264438435262, 21.72575710915466 38.24283746884645, 21.725786233801276 38.24306690788838, 21.725796910092814 38.24312640987294, 21.72589392859149 38.243830720306626)), ((21.7258481244218 38.2435544667259, 21.72589392859149 38.243830720306626, 21.72584473373543 38.24347358971445, 21.7258481244218 38.2435544667259)), ((21.728679954562068 38.24588710991581, 21.728671587647877 38.245923444438446, 21.72872334389488 38.24571187888387, 21.728706831056417 38.24576517345761, 21.72868984741192 38.24581890945291, 21.728679954562068 38.24588710991581)))"
55,Γ44,Ψαροφαϊ,"POLYGON ((21.740764688177652 38.22807309785091, 21.74128743203143 38.22936630880573, 21.742793397455035 38.22831821680193, 21.747767439676604 38.226011304461025, 21.747718314668962 38.22537861915244, 21.747532850656604 38.22348943808832, 21.746071510454183 38.22032986453696, 21.744488305929533 38.21741114620821, 21.74468694357224 38.21655667757785, 21.738593873550116 38.21846378193043, 21.739501725086626 38.22108057079832, 21.740764688177652 38.22807309785091))"
56,"Γ46,Γ49",Ψαχου,"POLYGON ((21.726534947522538 38.21623579459582, 21.725935602828578 38.21644724020823, 21.726238881246665 38.217382925257745, 21.726631139637128 38.218372784689784, 21.72641231145278 38.21860695702408, 21.726065446449724 38.21887679322941, 21.72587080631969 38.22007144217956, 21.725891017329896 38.22036578172224, 21.72598328205043 38.2217094442512, 21.724696426894628 38.221857665835145, 21.724649100925117 38.222394361205325, 21.725188684333457 38.22295095582087, 21.72539965288074 38.223703403362805, 21.72641033000271 38.22326299304536, 21.72801710777938 38.22731199733088, 21.728444359344795 38.22980213834868, 21.729328002411513 38.2306417652392, 21.72954088171275 38.23232105416078, 21.733775714102713 38.23326005176973, 21.736320649128658 38.2324482530395, 21.7362972815675 38.23241451254785, 21.73532015954461 38.23094695922015, 21.73453254846398 38.22940173730348, 21.733899676231783 38.228733882457256, 21.733730412438046 38.22797961495014, 21.7331345478431 38.226850546625315, 21.732344730590675 38.226614752851624, 21.73183333390191 38.22617274500735, 21.73142097762575 38.22546145719806, 21.731098764373172 38.22428104723146, 21.73105708862789 38.22355064016515, 21.730702237809467 38.22359098257766, 21.73019279325918 38.22271283144904, 21.730301201414292 38.22173362401834, 21.729964284654773 38.22137234854797, 21.729918589560654 38.22128250767625, 21.72992163834354 38.221282096296456, 21.73064504609646 38.221221585774884, 21.734075247407183 38.22000045251335, 21.735521049924586 38.21954557948538, 21.734547592582707 38.21853439663589, 21.73425905183837 38.21736358372076, 21.73305378257145 38.21493829808536, 21.732427991134465 38.2138240224698, 21.731619745055127 38.21346127098517, 21.730972665884444 38.21273543052967, 21.73045384510584 38.21179356409972, 21.72949995599446 38.21182907674605, 21.726455499940236 38.212436268830004, 21.726313454538996 38.21246353989578, 21.726304128974522 38.212466456223765, 21.72633577847102 38.21447960531172, 21.726534947522538 38.21623579459582))"
57,Γ24,Ψηλα Αλωνια,"POLYGON ((21.729461780585382 38.237978229808405, 21.730106046937525 38.24097517188813, 21.733425251299145 38.243497494190905, 21.734279971996408 38.24278187813669, 21.73969936003189 38.2406828107747, 21.737673800575273 38.238016563907316, 21.736908681646415 38.23710180187581, 21.736917439759065 38.237065805863324, 21.73449017933571 38.23738769032919, 21.729461780585382 38.237978229808405))"
58,fake_code1,Άγιος Βασίλειος,"POLYGON ((21.797965305095925 38.31250429996125, 21.800538734006967 38.31248676407079, 21.803132040717514 38.31427147780066, 21.80830152515305 38.31626371259169, 21.811454514442453 38.316917856239144, 21.81347632441332 38.31870629067821, 21.815764003000105 38.31869040136187, 21.816060064860185 38.319589561326104, 21.819775047268905 38.31933834904608, 21.824046621917923 38.31773128100011, 21.825762353507017 38.31771921383223, 21.826625335184357 38.318163744368945, 21.827212608959126 38.31951143234271, 21.828928381130385 38.31949931839132, 21.82979653932384 38.32039439803541, 21.834039555546198 38.31630881716817, 21.834595957866714 38.31495303058044, 21.833730387212192 38.314283272077475, 21.829443833901276 38.31453896878238, 21.828851431658887 38.31274071720157, 21.827985939747762 38.312070915152525, 21.82626778572029 38.31185772633391, 21.826242222362534 38.309604855695156, 21.823924247839024 38.30691749869394, 21.822778050799364 38.30670023902404, 21.821070197378486 38.30738812213614, 21.81994175659218 38.30874784728092, 21.81850455791663 38.308081969309605, 21.819347103243214 38.30672425516616, 21.820490752882183 38.3067162609339, 21.82105241813294 38.30581110951492, 21.82248196157653 38.3058010944011, 21.82418721492378 38.30488790371699, 21.82416936978618 38.303310891656835, 21.825583541796664 38.30194911462735, 21.825573328204694 38.301047964795984, 21.824414470700535 38.29970428218164, 21.825259363147634 38.29857181359552, 21.827822042233116 38.29765253460533, 21.827799003535297 38.29562494694333, 21.826361995887343 38.294959161649615, 21.8260684671942 38.29428531196046, 21.824064876265837 38.29407409805506, 21.822934148981215 38.29520856426841, 21.821507353788995 38.29544387049284, 21.82066243791753 38.29657631290136, 21.819235608179447 38.29681159182319, 21.816414742011272 38.30021084295221, 21.81586315402322 38.30201712519947, 21.81644756863155 38.303139586533284, 21.815316583205654 38.30427398048512, 21.815331715186925 38.30562570790809, 21.812194257831898 38.30632339050004, 21.811033050364983 38.30475428693426, 21.80845239918195 38.30409618512861, 21.807559720826898 38.30094805546752, 21.808979165688317 38.30003705211327, 21.811838033853668 38.30001730123082, 21.812680613728766 38.29865963277615, 21.814671704525452 38.297744598948945, 21.8157698075439 38.29368146366401, 21.814330427976248 38.292790240701734, 21.81261276609952 38.29257684562251, 21.811165922744234 38.29100971710122, 21.809731658603376 38.29056901358794, 21.79766456037537 38.31115451319821, 21.797965305095925 38.31250429996125))"
59,fake_code2,Άγιος Στέφανος,"POLYGON ((21.769642881204327 38.20296866740143, 21.7684937370036 38.20230026565564, 21.769331290632984 38.20049230058315, 21.771325036058258 38.20002859869394, 21.77188176034631 38.19867307983158, 21.756409176725416 38.19336633986638, 21.749859461987082 38.1949855272018, 21.750231180954486 38.20628622273768, 21.750269503024956 38.206429353004786, 21.750449544931143 38.2075653135614, 21.75028205500922 38.20760281922589, 21.75139442942926 38.2079773808311, 21.751993728838013 38.207792972908884, 21.75493960300508 38.20703366854274, 21.755136965342984 38.207940389839074, 21.75506389109203 38.20921286887482, 21.756171455652314 38.20958574897345, 21.759623498825192 38.210150579970595, 21.76025796322977 38.21070675151807, 21.760729584999122 38.211120168278036, 21.76229938232358 38.21164855848088, 21.766228851613114 38.21077867969523, 21.766387796497803 38.209352773723296, 21.764432712791265 38.20983153325847, 21.763197311839225 38.208348249898364, 21.763469627046458 38.20642583274136, 21.763983840190463 38.20628591476154, 21.766757984794065 38.207322336604506, 21.768127358352267 38.20723045147355, 21.77050206690318 38.2066149246768, 21.770736445076373 38.206560219227356, 21.773918367509737 38.20226463077367, 21.773913597298016 38.20181404251589, 21.772483692012322 38.20159815004504, 21.770773042261613 38.20183470345023, 21.769642881204327 38.20296866740143))"
60,fake_code3,Αμπελόκηποι,"POLYGON ((21.75757970572837 38.26448729922222, 21.75864381963376 38.26419286235406, 21.759579303172675 38.26440051998056, 21.759965426353546 38.264209328577266, 21.760968245336112 38.26368723967408, 21.761861210286217 38.26340564713278, 21.762247541430106 38.263777098175915, 21.764200009583025 38.26293850749296, 21.76340512217996 38.2618150012768, 21.763388432093848 38.261594053219866, 21.761339319233507 38.26221514469475, 21.76133418107046 38.262172526945726, 21.761297765001835 38.26187075571839, 21.761340670291865 38.26222635084364, 21.761074022842788 38.26247692925465, 21.760281095746986 38.26259816639367, 21.760246262201207 38.26254643424181, 21.75685348609077 38.26358338792643, 21.756652072269773 38.26396568021323, 21.75710086845705 38.26444114258368, 21.75757970572837 38.26448729922222))"
61,fake_code4,Άνω Καστελόκαμπος,"POLYGON ((21.801344438724154 38.28175300219618, 21.79991821216514 38.28202270416876, 21.79993114464645 38.283201142179244, 21.801367682797775 38.28386725781511, 21.80392518929046 38.2824979220862, 21.803629435558726 38.28159872252649, 21.801344438724154 38.28175300219618))"
62,fake_code5,Αραχωβίτικα,"MULTIPOLYGON (((21.85352100123679 38.31932292741791, 21.85493227733867 38.31773551781118, 21.85463045575761 38.3163858907906, 21.853192795703052 38.31572044418661, 21.850624551072887 38.316189707482536, 21.849777227470284 38.31709706775126, 21.849787746525752 38.31799820953034, 21.851521919735905 38.319562762834934, 21.85039650066819 38.32114805904358, 21.84528048772924 38.32388869526017, 21.843278641077788 38.32390310621546, 21.84155756159528 38.32346485989905, 21.841534118991344 38.32143728828223, 21.840668407238013 38.320767583342274, 21.83781393118402 38.321238618124156, 21.836072245716988 38.31899800112102, 21.833496029965566 38.31879103285262, 21.833202335460797 38.31811720558296, 21.834614036286204 38.31653003533725, 21.834892235417744 38.315852141096734, 21.83460112298526 38.315403603412214, 21.834239862721052 38.315820734309185, 21.834039555546198 38.31630881716817, 21.832699706990518 38.31759901690177, 21.830085073785412 38.320617660916724, 21.83209713822825 38.321504621501035, 21.83239083679741 38.322178451113125, 21.833248753316187 38.322172359044366, 21.834704449579533 38.32441505263552, 21.837296418578237 38.32597370706864, 21.83759796261905 38.32732337975839, 21.839909299715305 38.32933458732683, 21.842210334391506 38.33044460569771, 21.842218157132997 38.33112046182456, 21.84593886007047 38.331318985952116, 21.847361024776596 38.33063280658235, 21.848195403445185 38.32859903821631, 21.85133872518112 38.328350957939506, 21.852747580937095 38.32653828949467, 21.855308231970877 38.325393121995766, 21.854675419165893 38.320215738003526, 21.85352100123679 38.31932292741791)), ((21.84861540350031 38.34008649777375, 21.852047898305376 38.34006160738301, 21.85289281392273 38.33892894700436, 21.854887126288133 38.33823851415023, 21.855151973643842 38.33643415363776, 21.851147598861505 38.336463286346216, 21.848869897100982 38.337381011235905, 21.84946563493966 38.33940443076871, 21.84861540350031 38.34008649777375)))"
63,fake_code6,Βραχναίικα,"MULTIPOLYGON (((21.655020587525428 38.125255342721395, 21.65616749279645 38.125924884665274, 21.66015849097884 38.125677210954784, 21.66100601022629 38.12477118891438, 21.66099585295464 38.12364467542987, 21.660421379192666 38.12319727799018, 21.65528767601842 38.123226025512594, 21.654725312575458 38.12413041784139, 21.655020587525428 38.125255342721395)), ((21.633166100102475 38.137767442544444, 21.633726884790214 38.136637848810444, 21.632576122555278 38.135517481614016, 21.630579336754174 38.13552821759197, 21.628599944278875 38.13756665257291, 21.628611541506476 38.13891847414048, 21.630623933743152 38.14071019838792, 21.63233364102105 38.14047569315398, 21.633466946447104 38.139568331494, 21.633166100102475 38.137767442544444)), ((21.67644871952159 38.16005746597027, 21.671856270407776 38.15715476280597, 21.667857439218647 38.1567269447858, 21.66672225080513 38.157409333023324, 21.66443954314521 38.15742226950853, 21.663023050736975 38.158556838813034, 21.661023614791063 38.15834279666042, 21.658465663719078 38.15948373016956, 21.655604123718824 38.15859848757902, 21.65301995511643 38.15681038113095, 21.651305929794646 38.15659458590986, 21.650431910186253 38.15457161214545, 21.652417163969908 38.153208722399135, 21.652403114383436 38.151631608397715, 21.651541151231154 38.15096045356419, 21.649543951896188 38.15097151567212, 21.64840867870042 38.15165372829628, 21.646393562933678 38.14963701627827, 21.644967016414814 38.14964485850015, 21.64383172033797 38.1503270272334, 21.643564226152364 38.15235631279296, 21.642151454765 38.153941238124695, 21.64100620537134 38.15349686774747, 21.63958351758509 38.1539552502405, 21.63444568597251 38.153757803313596, 21.633005423715403 38.15218838126849, 21.63072286355333 38.15220066103553, 21.629288519064474 38.15130710118562, 21.627002127065317 38.15086870214448, 21.625560156463518 38.1490738828643, 21.626398739883665 38.14704159127821, 21.625246000003195 38.1456958512612, 21.622109666355602 38.145937818367024, 21.620154557960046 38.150905057333084, 21.62158304802361 38.15112281965923, 21.62216707873549 38.152696921776844, 21.624742668467405 38.15358450357717, 21.628478972945466 38.15671895598783, 21.633615050455344 38.15669135949726, 21.634762259379745 38.157361104259664, 21.639042356780745 38.15733789348023, 21.64131915348683 38.15664954367242, 21.642181091739154 38.157320773119395, 21.642190971832918 38.158447284346664, 21.644485620585222 38.15978659257233, 21.650477942603167 38.15975355597086, 21.650769298758856 38.1604278805107, 21.65219605370539 38.16041996593683, 21.653628842365478 38.16108793890768, 21.65364091151836 38.1624397484225, 21.65594396788333 38.164680034539245, 21.657376874024003 38.16534796023211, 21.65880777840023 38.165790566933936, 21.665085945672768 38.165755179313244, 21.670807813783284 38.167299821884086, 21.673971850820188 38.169985453396386, 21.67571537465144 38.17335511645339, 21.684249979153606 38.17037663935735, 21.68339171166572 38.170156325019526, 21.68280622423947 38.168582545566025, 21.68194588292023 38.168136920333914, 21.678808798849555 38.16838040787221, 21.678517152690063 38.16770615651007, 21.680485473427847 38.16454039489247, 21.68047500191245 38.163413893550185, 21.67932519514173 38.16251930041363, 21.676756976325137 38.162534128070774, 21.67644871952159 38.16005746597027)))"
64,fake_code7,Γηροκομείο,"MULTIPOLYGON (((21.771857013927153 38.222725429859814, 21.771127814336545 38.22354914122295, 21.768933778091352 38.22547379548893, 21.77042868854836 38.22538771867579, 21.77175383149405 38.225163892276115, 21.772177288800084 38.225281787048516, 21.773619856061952 38.226078142591994, 21.77506151772463 38.22629590529671, 21.775294019648758 38.226546177260914, 21.775530607956718 38.22721144563729, 21.773298868854805 38.22919555948571, 21.77069039499077 38.22985896684112, 21.768454945219883 38.230273100989464, 21.767483225024733 38.232589474398516, 21.765436968140925 38.23216621049837, 21.76469184278388 38.232851912664756, 21.76571606137507 38.234003962082944, 21.76548553224202 38.23443440758043, 21.764904875692388 38.23454725094039, 21.76429408714082 38.23413942861966, 21.764022094964428 38.234201322107815, 21.764006953550123 38.23420306818928, 21.763992051379542 38.23420580551884, 21.76397748956084 38.234209515298645, 21.76396337176157 38.234214169768684, 21.763949796023432 38.234219738358604, 21.76376572369088 38.23434449461084, 21.764015099931203 38.235264250766896, 21.764126864699424 38.23525577501138, 21.764142639085996 38.23537344762426, 21.764134886052645 38.23551114905868, 21.76414179014681 38.23557379084079, 21.764258020697426 38.235860931370475, 21.764310772173797 38.23596091382259, 21.764151070610954 38.23601480647227, 21.7641121938362 38.23595712948728, 21.764544108217304 38.238259055016215, 21.764633928140267 38.23825591411858, 21.764710400607125 38.23825332711515, 21.764743631958545 38.238256386902066, 21.764847138735696 38.23825835896713, 21.76513656948371 38.238593680528325, 21.76587473935379 38.23867289497695, 21.765209473405754 38.239730101485364, 21.764816135470994 38.239944196430265, 21.765158909321567 38.24177118060168, 21.765478206486954 38.242012395608484, 21.765476702201248 38.24219881839446, 21.76547488682083 38.24242379451241, 21.76650240549092 38.244188664903284, 21.766649352217048 38.24421982468063, 21.769536940722777 38.247129933209465, 21.7694721601256 38.24728754974596, 21.769539316183796 38.247355225831356, 21.77010830531116 38.24712618520359, 21.770374963673312 38.245321969227355, 21.773493514692902 38.243048373866195, 21.773764852084472 38.241694735241204, 21.77547163635316 38.241007544882876, 21.776033372420873 38.24010259835806, 21.775726172968557 38.23807685338517, 21.77629267484823 38.23762249075132, 21.775707023623784 38.23627451193823, 21.77883223358788 38.23467665519069, 21.77852978596959 38.233101501663384, 21.78022669610681 38.23151307308602, 21.776715386251396 38.22365055237896, 21.769259194725002 38.220770635727526, 21.768116877572155 38.22077811635739, 21.766519768008994 38.222272946700265, 21.765983409968115 38.22402698448875, 21.766944679210354 38.2247038037757, 21.76915318537453 38.22252024471107, 21.77046693549462 38.22163774431497, 21.771857013927153 38.222725429859814)), ((21.766416739705583 38.24404152867251, 21.766414268499208 38.24404203308192, 21.766500395294912 38.24418823864353, 21.76650240549092 38.244188664903284, 21.766416739705583 38.24404152867251)))"
65,fake_code8,Δασύλιο,"POLYGON ((21.74980859635514 38.24568048042061, 21.744099625747477 38.24616743389203, 21.743505597667042 38.24827456490415, 21.7435247002254 38.24828977485124, 21.742564659492007 38.248529769451736, 21.742710538453164 38.24856206634902, 21.74294552370338 38.248530926613086, 21.743064521164584 38.24847491251085, 21.743254686166576 38.2484934479176, 21.74349499204008 38.24831218398195, 21.74327241178521 38.249101686481694, 21.744923512837495 38.24973967130088, 21.744965178287366 38.2497358196714, 21.745872149386216 38.24962660602977, 21.74620755439778 38.24987430879565, 21.752126522503826 38.248819965835075, 21.751705066441932 38.24824915398831, 21.74981322527182 38.24613106782966, 21.74980859635514 38.24568048042061), (21.74958848597904 38.24838639789284, 21.748348974578764 38.24864058598488, 21.747266805215347 38.24826983051522, 21.74759862720802 38.247166469898424, 21.748323332957316 38.24701558339468, 21.74869174324702 38.247663937138164, 21.749986274163994 38.247781024989024, 21.750169287526987 38.24843139308336, 21.75002936132481 38.248839915085284, 21.74958848597904 38.24838639789284))"
66,fake_code9,Δεμένικα,"POLYGON ((21.73402531637376 38.20607651027218, 21.735930515784172 38.205638432942564, 21.736934486432467 38.2052381959916, 21.73655055012737 38.20456275773003, 21.735401700951417 38.20320858733164, 21.736655244822007 38.2028706620509, 21.737295614429456 38.20294567900848, 21.738245885043142 38.20331733312281, 21.739409497744553 38.20311987891316, 21.74092782396412 38.20348218646349, 21.74277208963176 38.20379053187732, 21.744306785379372 38.203744779108625, 21.745474828450995 38.20404133631365, 21.74619957953817 38.20393027605571, 21.74715473231953 38.2041193584385, 21.749059294276215 38.204681827406006, 21.747842341575893 38.20445198560558, 21.74629539883966 38.20400987212414, 21.74553125939153 38.20405582233434, 21.744510886097366 38.20443346790905, 21.742941353927417 38.20481620071265, 21.742830557651022 38.2051312742023, 21.740743604746324 38.20530959691947, 21.740369099104214 38.206100467573755, 21.74050798700114 38.20655359996553, 21.74251949543014 38.206439084631846, 21.742442281696984 38.20598560102159, 21.744046160262574 38.20574910635038, 21.748733808744255 38.205823105723354, 21.750049187993064 38.20560648356893, 21.750231180954486 38.20628622273768, 21.74987109368694 38.195339211313154, 21.749571672687217 38.19476205449108, 21.743841462757704 38.19277070369753, 21.742414104746416 38.19277973800461, 21.725343864845076 38.19874451515099, 21.725386337334456 38.203025152026804, 21.728263909216665 38.20526044015027, 21.72828384667675 38.20549010311579, 21.731391193675346 38.20625695200258, 21.73195179976711 38.20633452008805, 21.733217898842607 38.2063745277028, 21.73402531637376 38.20607651027218))"
67,fake_code10,Θέα,"MULTIPOLYGON (((21.73107766853215 38.14395824632728, 21.729640038200483 38.1428406225608, 21.72678949419366 38.14308360793523, 21.725380946174393 38.144894816222795, 21.725111271282923 38.146473669428346, 21.72312312176361 38.147387176734284, 21.723713748249303 38.14941135143019, 21.726281481026327 38.149395501548426, 21.727409269804937 38.14803664764831, 21.729696143316012 38.14847308722644, 21.731115895004105 38.147788320937785, 21.73107766853215 38.14395824632728)), ((21.72236500752371 38.157305585664226, 21.72521612078276 38.157062702550235, 21.7257823213561 38.1566085806091, 21.725766690048804 38.1550314918739, 21.723470729940548 38.15369378380782, 21.72147570582742 38.153931368398325, 21.72091171662136 38.15461076852616, 21.721504563601474 38.15686025046341, 21.72236500752371 38.157305585664226)), ((21.744082418172145 38.16032436618186, 21.74237034789176 38.16033520104247, 21.740674231754422 38.16192309299331, 21.74211697558041 38.16349116707208, 21.744659982663737 38.160996640764324, 21.744082418172145 38.16032436618186)), ((21.70901752572071 38.16392097750656, 21.711012865326197 38.16368360187042, 21.71185799160479 38.162551921740466, 21.711563876575422 38.16165245567067, 21.710701258506518 38.16098174258233, 21.70870381037144 38.160993813289686, 21.707856474179092 38.161900172284554, 21.708157083056395 38.16347554497485, 21.70901752572071 38.16392097750656)), ((21.736729191511273 38.16690476568964, 21.739573795667663 38.16598563903397, 21.739544205540398 38.163056773339136, 21.740388880320218 38.1619248923194, 21.738094710840056 38.16081277419046, 21.736640772457122 38.15811815989761, 21.73378062912877 38.15746012873071, 21.732356209887442 38.157694331801196, 21.731221617698676 38.158377337541744, 21.73095202400946 38.15995619978282, 21.72867375279047 38.16042098154944, 21.727539083827217 38.16110395216994, 21.72726268702196 38.162006911934164, 21.724982096482805 38.16224632466334, 21.72328110350576 38.16338337276889, 21.72155562991885 38.162042115099425, 21.720414217306388 38.162049122456864, 21.71927944501653 38.16273201410533, 21.718421166135496 38.1625119556575, 21.717543018690392 38.16026420357558, 21.718673346593704 38.15913073142509, 21.718662289607224 38.158004238233836, 21.71722015353215 38.156435868445314, 21.715220631618013 38.15622274990762, 21.712090755089417 38.15714301783396, 21.711820752266664 38.15872184053002, 21.714428390552225 38.16276162520406, 21.711888664599584 38.165706104363046, 21.710749380045364 38.16593831707716, 21.70931816852193 38.16549634635872, 21.707897868015312 38.166180852474355, 21.707625566208023 38.16753436549592, 21.70907208640749 38.1695534474244, 21.70908081752993 38.17045464210245, 21.711372669783106 38.171342028119895, 21.71335941894201 38.17020341710555, 21.715089341878677 38.171995389549146, 21.717087087457987 38.171983207286104, 21.71765345303227 38.171529124035956, 21.71908704558698 38.17219628913967, 21.721082574992035 38.171958740816834, 21.72192986034582 38.17105228840274, 21.722478396088153 38.16879579792878, 21.72389415130705 38.16766052057962, 21.72504234580337 38.1683293724088, 21.725060200940153 38.170131755697184, 21.725635437274835 38.17057882587826, 21.72763313954415 38.170566464598174, 21.728484812171562 38.170110561111514, 21.728754493022155 38.16853170633485, 21.729887017816772 38.16762342605526, 21.73103076512174 38.16784162343199, 21.73161052326206 38.168739259571964, 21.733325051576596 38.16895387709279, 21.735884403501213 38.16803662059416, 21.736729191511273 38.16690476568964)), ((21.701392642093996 38.17230330861233, 21.701952625746536 38.171173403239216, 21.703654134054947 38.170036660565074, 21.703355757813434 38.168686576419574, 21.703922184433114 38.16823255856076, 21.70390918420555 38.16688076447355, 21.70247366982711 38.165988111964516, 21.70019717716918 38.166677643593, 21.699931194453047 38.1687070375719, 21.69794427310037 38.169845423313966, 21.69824685387802 38.171646120143755, 21.70025322027422 38.172535420556365, 21.701392642093996 38.17230330861233)), ((21.710281404189047 38.17653080251956, 21.709122295683958 38.17473531490639, 21.707407697034096 38.17452034484354, 21.70627043531483 38.174977813837465, 21.708566760243016 38.17631584989332, 21.710281404189047 38.17653080251956)), ((21.71799631640749 38.177385129184664, 21.716580282803463 38.178520336332255, 21.7168789454894 38.179870381816926, 21.71745420999189 38.180317491075535, 21.720580565480084 38.17894647911572, 21.719423381850156 38.17737639467551, 21.71799631640749 38.177385129184664)))"
68,fake_code11,Κοκκινος Μύλος,"POLYGON ((21.702826420103616 38.202711756020115, 21.703691633889452 38.20360781576908, 21.7068344911819 38.20381424597764, 21.708268624739592 38.20448153429085, 21.71288967060039 38.20986101390653, 21.714901675062364 38.21120063987893, 21.715186173607066 38.210978836519416, 21.715185015570647 38.210973603801804, 21.715223538525166 38.210949705589336, 21.715480948524625 38.21074901926138, 21.715321887184746 38.21065845313764, 21.713838032624036 38.209814605295264, 21.713655592508317 38.20955527652297, 21.712179052191825 38.208361732153556, 21.710576598741415 38.20613484177554, 21.71021589542785 38.20579421490513, 21.71107859541028 38.204823935133376, 21.713927234776232 38.20745475385918, 21.719142505354895 38.203912011512, 21.71978919736302 38.20436876161123, 21.72018512936276 38.2038748331223, 21.72191539275925 38.20345409741383, 21.722404598903182 38.20292361260158, 21.723366761980405 38.20357743708606, 21.723752150421742 38.204114337662, 21.723836827067792 38.20423263465767, 21.725386337334456 38.203025152026804, 21.72509188575667 38.202125729300285, 21.702826420103616 38.202711756020115))"
69,fake_code12,Κουκούλι,"POLYGON ((21.76574723493105 38.21268246049508, 21.765554388606443 38.21262030525382, 21.76144961429321 38.21366709758764, 21.75674533488238 38.21486655820249, 21.756229961000084 38.21412797424279, 21.75806715548187 38.21678394739648, 21.76051682066102 38.2202700557532, 21.76076037774754 38.22123242140727, 21.760797029445463 38.223046753815005, 21.760785854723707 38.22312996440024, 21.76669843844068 38.22168862660652, 21.766674427556435 38.22176715185393, 21.76767032390038 38.22119608094588, 21.768116877572155 38.22077811635739, 21.76840245690005 38.22077624724193, 21.768392978286403 38.2198750723695, 21.76574723493105 38.21268246049508))"
70,fake_code13,Κρήνη,"MULTIPOLYGON (((21.743562070012956 38.16528451950558, 21.746418009445055 38.16549171358799, 21.748404046356217 38.164352515742884, 21.74838792339 38.162775437123926, 21.747228109601455 38.16098032881219, 21.744657691104027 38.16077134352371, 21.74455805874337 38.16087800429322, 21.744659982663737 38.160996640764324, 21.74211697558041 38.16349116707208, 21.742126111590597 38.164392356083276, 21.743562070012956 38.16528451950558)), ((21.75252880696889 38.176943590047884, 21.75082097494585 38.17740514463848, 21.74910389453305 38.176965489072046, 21.746542103869515 38.17765773733109, 21.744256512222545 38.17744693498337, 21.74340714420965 38.178128248810836, 21.743420879409836 38.17948002850123, 21.744880091494625 38.182625134968845, 21.743183521682745 38.184213061930635, 21.74406046129269 38.18623530586052, 21.743210990733225 38.186916618323615, 21.74178146192594 38.18670034741339, 21.74148002697055 38.18512507533356, 21.74090686122336 38.18490338254507, 21.743270519629842 38.19277431950234, 21.743841462757704 38.19277070369753, 21.749571672687217 38.19476205449108, 21.749674468019897 38.19496020147663, 21.752136347352533 38.19429503178657, 21.75252880696889 38.176943590047884)))"
71,fake_code14,Μιντινόγλι,"POLYGON ((21.71747188586853 38.18211987368765, 21.715190634418217 38.182359101987075, 21.714345336128787 38.18349080405551, 21.713491221865052 38.18372130844657, 21.711774208219342 38.18328110668362, 21.71090695133965 38.182159803917955, 21.70947760498214 38.18194313765435, 21.708612581427225 38.1810471154422, 21.706897835944595 38.180832139598536, 21.707165841608454 38.17902803388492, 21.710002552357192 38.177208423638085, 21.70999818001374 38.176757826926185, 21.709076518241783 38.17637975735468, 21.708566760243016 38.17631584989332, 21.707724764721778 38.17582524201778, 21.70512664616075 38.17475937592318, 21.69999153070556 38.17501541069076, 21.69883269769168 38.173219818360934, 21.700044221516393 38.1724427867245, 21.69824685387802 38.171646120143755, 21.698255452356456 38.172547316596436, 21.69625982679366 38.172784477840956, 21.695124660607313 38.17346713862728, 21.692551801799308 38.173031716750714, 21.69141446797853 38.173489042648, 21.691316406850024 38.19331703596783, 21.692750194311653 38.193984518374464, 21.693042079601486 38.194658729127696, 21.69504473663393 38.19509751280139, 21.69562642061754 38.196220622991454, 21.716672979735268 38.18798284349456, 21.717485143811594 38.183471660278144, 21.71747188586853 38.18211987368765))"
72,fake_code15,Νέο Σούλι,"MULTIPOLYGON (((21.804328626072362 38.189442878403575, 21.80291124686302 38.19035381939254, 21.80292608789832 38.19170557726686, 21.804363316696776 38.192596979010595, 21.80663959475197 38.19190543275232, 21.80661971527119 38.19010309055608, 21.805470443719408 38.189435050796405, 21.804328626072362 38.189442878403575)), ((21.810810969997448 38.20764836209089, 21.809961884712042 38.2083301509634, 21.810272390214106 38.21058109921605, 21.811136501633076 38.21125105872371, 21.814835948163893 38.21009889309918, 21.814820877068733 38.208747143447916, 21.81280964498058 38.20763454063787, 21.810810969997448 38.20764836209089)), ((21.77373541413824 38.206011343538464, 21.775243208636443 38.207414225069655, 21.775921181852596 38.20836332851606, 21.776872847433236 38.210171612844086, 21.777071144946955 38.21190506522065, 21.77605972708405 38.21281291979275, 21.774859356136147 38.2132201934267, 21.775311099676163 38.214871998161314, 21.771573873680193 38.215946184766544, 21.767698304168718 38.21207349888407, 21.766195033707522 38.212456913455156, 21.76603278277851 38.21268059747624, 21.767147856326176 38.216490323046536, 21.768392978286403 38.2198750723695, 21.76840245690005 38.22077624724193, 21.769259194725002 38.220770635727526, 21.77614181240287 38.22342903741814, 21.779842443363567 38.222277964442455, 21.780406391630954 38.22159828929221, 21.782119881450495 38.22158688458803, 21.786955348498573 38.219752093752916, 21.78608650561419 38.21863137021444, 21.78465623697788 38.218415630582456, 21.780399171368686 38.22092241016487, 21.77895686226926 38.21958013580271, 21.779220809990992 38.21755060148474, 21.782923508698406 38.216624727111714, 21.78464413919486 38.21728916585805, 21.786355101461627 38.2170524075043, 21.7877974941979 38.218394590599104, 21.78923020477979 38.21883558452181, 21.79065561785896 38.21860068300305, 21.794353319417134 38.217223864216884, 21.79292061078623 38.21678293269937, 21.792627716606876 38.216108983594886, 21.793760164209964 38.215200095102716, 21.794031030717868 38.21384640846138, 21.795729613161996 38.21248305172394, 21.795719800393876 38.211581881457235, 21.79427984911082 38.21046508699726, 21.794265158001117 38.20911333060268, 21.79339633330891 38.20799265899628, 21.792244454114243 38.2070992006231, 21.789955389330157 38.20666400732704, 21.789913999313526 38.20283402355978, 21.788479170116226 38.202167740083425, 21.787898446839492 38.2012704001762, 21.785328929706928 38.20128761668891, 21.784201422033846 38.202647011906905, 21.781068060536292 38.20334382954498, 21.778798378714008 38.20471076645339, 21.777653918292064 38.2044930434055, 21.776778220253963 38.20269636283121, 21.77933097950963 38.20110227601319, 21.778733578169987 38.19862783158408, 21.775322006283375 38.20000227063687, 21.77534112125067 38.201804623414034, 21.773913597298016 38.20181404251589, 21.773918367509737 38.20226463077367, 21.770736445076373 38.206560219227356, 21.77261720197084 38.2061212180048, 21.77373541413824 38.206011343538464)), ((21.79633016524415 38.215182688735815, 21.796628002200624 38.21630721309606, 21.802319404342303 38.214465978814296, 21.80058387487781 38.21245004633973, 21.798297056257944 38.212240310872296, 21.797447800018645 38.21292201057535, 21.79633016524415 38.215182688735815)))"
73,fake_code16,Οβριά,"POLYGON ((21.738052449710633 38.18492135935015, 21.736611630688884 38.183578541226524, 21.73432361765548 38.183142250471576, 21.73316155775945 38.1811217121653, 21.73087139056459 38.18046005582919, 21.729426298838273 38.17866655170909, 21.72743061621215 38.178904243126105, 21.724569736643524 38.178245997285934, 21.72315156300798 38.179155985069954, 21.723742460785008 38.181180146155704, 21.722897309114092 38.18231190856164, 21.722043236498557 38.182542474803576, 21.72118027427902 38.181871844478266, 21.717474095464063 38.18234517147467, 21.717485143811594 38.183471660278144, 21.716808347070764 38.18723098018579, 21.716675187334644 38.188208141095465, 21.72476840595796 38.198297447876605, 21.725648715264526 38.1986380228462, 21.742414104746416 38.19277973800461, 21.743270519629842 38.19277431950234, 21.742595135396446 38.190525486830495, 21.74033141873242 38.18445639036405, 21.738052449710633 38.18492135935015))"
74,fake_code17,Παγώνα,"MULTIPOLYGON (((21.756448158257317 38.23874028154152, 21.75694189043698 38.23980327615715, 21.757818530983148 38.23969969227928, 21.758534551926743 38.23979937629901, 21.760031997065084 38.239318526687285, 21.760328586320238 38.23923008206479, 21.759013997982215 38.23847702740163, 21.758932282188837 38.23851194780859, 21.758737714723676 38.23852827645963, 21.75857486074644 38.238495042746464, 21.75815351793919 38.2385983238107, 21.757408446610526 38.238287171471946, 21.757906045889282 38.2378366293714, 21.757395362347136 38.23775739115172, 21.756326679707737 38.23802181525711, 21.75539317616316 38.237777481521114, 21.754905036577956 38.23824510627411, 21.755042186145182 38.23848490006539, 21.756448158257317 38.23874028154152)), ((21.757327944653692 38.24072916104544, 21.75598695705216 38.24069582294614, 21.755107456809093 38.24042781004988, 21.75392160412845 38.24014530143082, 21.753758889475172 38.239961222973086, 21.7538665201229 38.240304322727305, 21.75536550094217 38.241461036942226, 21.75602941637216 38.241682997054276, 21.75662598544299 38.24214609075825, 21.756625989062016 38.24214609356752, 21.75818233110694 38.242510880292286, 21.758094088134797 38.242555384360465, 21.757987633012114 38.24261132483256, 21.757932725931987 38.24264105834506, 21.75821170444208 38.2424960662484, 21.759162952565298 38.242511674749636, 21.760346724992594 38.24201011614421, 21.75995032321986 38.24123279989116, 21.758638001634594 38.241240056575755, 21.757327944653692 38.24072916104544)), ((21.76106106568332 38.242817682729616, 21.76089207215139 38.24299884607873, 21.766106836032943 38.24410478409159, 21.76641426849921 38.24404203308192, 21.766414268499208 38.24404203308192, 21.766416739705583 38.24404152867251, 21.76547488682083 38.24242379451241, 21.764730424854548 38.24263555224142, 21.764297914694154 38.24249615381255, 21.76276782609374 38.242437982814714, 21.76287282764641 38.24270334646733, 21.761313144017066 38.242708226732404, 21.76106106568332 38.242817682729616)), ((21.765476702201248 38.24219881839446, 21.765179986066574 38.24217056846665, 21.76547488682083 38.24242379451241, 21.765476702201248 38.24219881839446)))"
75,fake_code18,Πανόραμα,"POLYGON ((21.76203881491622 38.185669379487756, 21.76000794480992 38.182528192609894, 21.75800993062111 38.182541108008934, 21.757160634009306 38.18322252001973, 21.756302004431713 38.183002742890125, 21.755714847471353 38.181429347552715, 21.753990678194953 38.18031387714667, 21.754248229056284 38.17760849142953, 21.753385034496745 38.17693809968591, 21.75252880696889 38.176943590047884, 21.752136347352533 38.19429503178657, 21.756692318457105 38.19313920496921, 21.76203881491622 38.185669379487756))"
76,fake_code19,Παραλία,"POLYGON ((21.72476840595796 38.198297447876605, 21.716675187334644 38.188208141095465, 21.716701212302386 38.188017165043725, 21.716672979735268 38.18798284349456, 21.695911908637648 38.196218931145005, 21.69650219985956 38.19824322944629, 21.699372243309096 38.19980334386488, 21.699666369645836 38.200702834625, 21.702540907151548 38.20271346492334, 21.72509188575667 38.202125729300285, 21.725341629700353 38.19851921838552, 21.72476840595796 38.198297447876605))"
77,fake_code20,Πόρτες,"POLYGON ((21.738680171470822 38.21048750607478, 21.739797348225398 38.21043321683733, 21.744766371868124 38.20958183107712, 21.74492796216211 38.209526004515666, 21.74543346339027 38.209445624401056, 21.745438798760446 38.20943353073747, 21.74360362856567 38.2090117869965, 21.743214864647506 38.209090178238654, 21.74114670926531 38.20962862360866, 21.73994986862284 38.209822629732066, 21.7384786319131 38.21029132027297, 21.73445951400101 38.21101017677817, 21.73036674366473 38.211566436914254, 21.728830125001824 38.211806648763755, 21.728842180891686 38.21194175643246, 21.72842454131601 38.21201329778774, 21.72735811794378 38.21225625825052, 21.72949995599446 38.21182907674605, 21.73045384510584 38.21179356409972, 21.733298073433605 38.211419369826054, 21.73637324216992 38.21088540780478, 21.738680171470822 38.21048750607478))"
78,fake_code21,Προάστιο,"POLYGON ((21.815821129472695 38.27272762572133, 21.8115344357192 38.27275735374849, 21.810682105733935 38.273213859351934, 21.810707155022595 38.275466752765084, 21.811572049588204 38.276136693087764, 21.81328680729959 38.27612481923632, 21.816132125288945 38.27497852885022, 21.81640025545212 38.27339951736753, 21.815821129472695 38.27272762572133))"
79,fake_code22,Προφήτης Ηλίας,"MULTIPOLYGON (((21.762363575241768 38.24039118833669, 21.763901183090674 38.24019439459057, 21.762872551428917 38.23939953704579, 21.76255649243343 38.239319870184865, 21.762921214569243 38.238767977178895, 21.76349572242326 38.23883065048747, 21.764048175394848 38.23835043482317, 21.764544108217304 38.238259055016215, 21.7641121938362 38.23595712948728, 21.763329276243766 38.23617339787842, 21.76348345082656 38.2370001168817, 21.762508181281937 38.23707251067529, 21.761928039787957 38.23659544798977, 21.76135672988148 38.236409507327465, 21.76046934082292 38.23654518728288, 21.759347873837765 38.237031710894264, 21.758369724075074 38.23705536554503, 21.757752339042167 38.23750711482946, 21.75875245921282 38.23759382933073, 21.75885617250332 38.23791981228456, 21.759013997982215 38.23847702740163, 21.760328586320238 38.23923008206479, 21.76037707865318 38.23921562128068, 21.761153265515215 38.23931159903099, 21.762181459172503 38.24002410652587, 21.762363575241768 38.24039118833669)), ((21.764015099931203 38.235264250766896, 21.76376572369088 38.23434449461084, 21.76350192603665 38.23452328399089, 21.763195053476384 38.23472243818047, 21.764015099931203 38.235264250766896)))"
80,fake_code23,Ρίο,"POLYGON ((21.803989801902848 38.28835544359382, 21.803977374943983 38.28722899761262, 21.806254101212883 38.28631214796811, 21.806808310137924 38.28473119394312, 21.806510018571707 38.2836067132729, 21.80392518929046 38.2824979220862, 21.8014178309127 38.2838404086237, 21.801961640499236 38.285890956483, 21.799687343846912 38.287033012801984, 21.797713613151057 38.28952481933742, 21.795998533632883 38.28953646902005, 21.794584039110177 38.29089789565905, 21.792013817707993 38.291140582409355, 21.790310915053908 38.29227859815573, 21.789450900618892 38.292059082546444, 21.789431374753416 38.29025676363557, 21.78878897365189 38.29009278363467, 21.773884329028373 38.297521877442236, 21.77388432902837 38.297521877442236, 21.77378662386667 38.29761586312982, 21.773788538187464 38.2977960954927, 21.77265457331547 38.298704794903585, 21.771239462659683 38.30006594447866, 21.77209951944821 38.30028559288843, 21.772983488465115 38.30275813838751, 21.77528507658397 38.304094785049855, 21.777596370303563 38.30633254508987, 21.778199493677132 38.30925752071838, 21.789641369223883 38.3096316623883, 21.79079975240317 38.310975691597854, 21.793373131777717 38.310958313495135, 21.79481016330598 38.31162450099128, 21.797671964269846 38.31183037909317, 21.79777477513631 38.311649179509374, 21.79766456037537 38.31115451319821, 21.809731658603376 38.29056901358794, 21.80801406146909 38.290355550358704, 21.803989801902848 38.28835544359382))"
81,fake_code24,Ροΐτικα,"POLYGON ((21.688251763332055 38.17102918985883, 21.687389244412973 38.17035830560322, 21.684818646734232 38.17014801236577, 21.684214707786847 38.170367585468206, 21.684249979153606 38.17037663935735, 21.682743923506557 38.1709022976692, 21.676000774640606 38.173353473848174, 21.677767430649716 38.17920140166473, 21.67751747697212 38.18303314449782, 21.679828196714546 38.18594884002381, 21.68411203451621 38.18614927053264, 21.687260444128523 38.187032130408184, 21.688985893314786 38.18837388673476, 21.691016027376435 38.19174162582482, 21.691412424739525 38.17390212651754, 21.69141284031253 38.173818109461656, 21.691413359779524 38.17371308814012, 21.68855199152647 38.17260461398201, 21.688251763332055 38.17102918985883))"
82,fake_code25,Ρωμανός,"MULTIPOLYGON (((21.78384303995932 38.22247662618754, 21.7866843306147 38.221105764376986, 21.786955348498573 38.219752093752916, 21.782119881450495 38.22158688458803, 21.78126313666173 38.22159259006621, 21.781846356202514 38.22271525176313, 21.78384303995932 38.22247662618754)), ((21.81641213227989 38.223381157931364, 21.817829973476712 38.222470053702615, 21.817807274088242 38.22044243490445, 21.81551513162443 38.2197824563083, 21.81436028615601 38.21866393059895, 21.81093597019576 38.2189129461568, 21.80981117450738 38.22049787247955, 21.81010924149634 38.22162235906875, 21.812975066634426 38.22250377961915, 21.814415540176448 38.22362033660981, 21.81641213227989 38.223381157931364)), ((21.7941534713781 38.22511102693389, 21.793574939228872 38.224439013549954, 21.79413142701656 38.22308339723298, 21.796975001513548 38.22193758048735, 21.79812225184642 38.222380402930746, 21.800116400793343 38.221916209209134, 21.801832362807648 38.22212980856618, 21.804382756701177 38.220309888908375, 21.804079824172966 38.21873480280875, 21.80264207903402 38.21784340719419, 21.803766991637104 38.21625854758729, 21.803757078418407 38.21535737967082, 21.802890508945172 38.21446207401746, 21.802319404342303 38.214465978814296, 21.798525168571935 38.21569349871027, 21.796913562108074 38.21630527481025, 21.79749205894602 38.21697727303326, 21.800640650963622 38.217631766537046, 21.800938564725797 38.21875627865147, 21.800089258806263 38.219437997278696, 21.79637682157114 38.219463242980574, 21.79492444668516 38.2172199979392, 21.792874255709386 38.21777460556547, 21.79065561785896 38.21860068300305, 21.789878120988053 38.218728813238855, 21.790379797800448 38.219503776517186, 21.790108844353036 38.220857454404154, 21.788983564073195 38.22244218588963, 21.786996608516745 38.223582069182655, 21.785590470148207 38.22561926829312, 21.78101609533952 38.225199177356046, 21.78071364349722 38.223624027014395, 21.779615877521746 38.222348441621584, 21.777992142674684 38.2228535153865, 21.776427401553097 38.223427148669714, 21.776487777169383 38.223562649957636, 21.776715386251396 38.22365055237896, 21.78022669610681 38.23151307308602, 21.780088392708336 38.231642538388826, 21.780231510351804 38.23196365838315, 21.78136676727243 38.23128018021923, 21.782509245089784 38.23127256889535, 21.78337335356879 38.23194273055998, 21.785939100653877 38.23147496056625, 21.786803242598776 38.232145096588226, 21.7865248998616 38.232822887789, 21.78739392205656 38.23394360348568, 21.789393327982545 38.23393017292293, 21.790831234436478 38.234821726711964, 21.79254258484082 38.23458487460687, 21.793675315975666 38.23367598663107, 21.79393399944882 38.231195844123334, 21.795921049723297 38.230055843771844, 21.796479991723313 38.228925509507135, 21.798762400881163 38.228684690587166, 21.799892495889946 38.22755045179676, 21.79988262645958 38.22664928476327, 21.79901596754818 38.22575395316884, 21.79729500928754 38.225089729674735, 21.795586351420443 38.22555194090873, 21.7941534713781 38.22511102693389)), ((21.808449383407154 38.25227570319123, 21.80758729723843 38.2518310240672, 21.803311743114843 38.25276160020819, 21.803314223328247 38.252986890785685, 21.809649268028586 38.255636683305866, 21.810481812052892 38.255190680323366, 21.81018359297659 38.25406620265856, 21.809035770109716 38.25362350684666, 21.808449383407154 38.25227570319123)))"
83,fake_code26,Σαραβάλι,"MULTIPOLYGON (((21.775297010530895 38.17071207530965, 21.773582328274667 38.17049807242147, 21.772164922728013 38.17140864533793, 21.772186317676454 38.17343630358516, 21.77362281561805 38.17432809227117, 21.775620598241776 38.174314913603276, 21.777038015740693 38.17340429927834, 21.77673827408584 38.17205441679998, 21.775297010530895 38.17071207530965)), ((21.813931273927196 38.180138993066954, 21.81535585018178 38.17990379941912, 21.815047845399047 38.17787814604663, 21.814181591533824 38.17698291463089, 21.812764575795576 38.177893972401336, 21.812779592236758 38.17924572986511, 21.813931273927196 38.180138993066954)), ((21.771403763319547 38.18042608273563, 21.77141564126177 38.181552558095376, 21.772566861698373 38.1824462317386, 21.774277052774437 38.182209656329356, 21.775409213864247 38.18130094283665, 21.77510946732836 38.179951058028344, 21.772250515415266 38.179519274053796, 21.771403763319547 38.18042608273563)), ((21.76955987683624 38.19508336081316, 21.76926254722972 38.19395875836229, 21.771798527354903 38.19078777161464, 21.771781884657376 38.189210708678594, 21.77091839287194 38.18854045031433, 21.76863003079132 38.188104832265296, 21.76775002695648 38.18585748481523, 21.765749566871946 38.18564523771488, 21.76432706347459 38.18610512740458, 21.762034120716606 38.18521878869756, 21.761888094943735 38.185436268616215, 21.76203881491622 38.185669379487756, 21.75706536499795 38.192618062190355, 21.756534047456054 38.193409178973425, 21.77188176034631 38.19867307983158, 21.7715701148352 38.19619671776817, 21.76955987683624 38.19508336081316)), ((21.776437677824436 38.19751648802498, 21.775017402358703 38.19820180226309, 21.774748623364506 38.199780745950726, 21.77589061059375 38.19977320427297, 21.777312105626844 38.19920052644273, 21.778448086067687 38.19862972491012, 21.777867513916732 38.19773233321567, 21.776437677824436 38.19751648802498)))"
84,fake_code27,Τριτάκη,"POLYGON ((21.741735523080816 38.245726125520214, 21.743509627283196 38.245820084616504, 21.744022707775134 38.24586323059917, 21.74284416251075 38.24461692985889, 21.742130713037987 38.24386243678436, 21.740903979518784 38.24438998155653, 21.73980094210919 38.24502522004925, 21.741735523080816 38.245726125520214))"
85,fake_code28,Ψαθόπυργος,"MULTIPOLYGON (((21.90398709652093 38.30700370129509, 21.904553314499353 38.30654872784923, 21.904528132476212 38.30452118442711, 21.903950745473594 38.30407502700286, 21.90166636783649 38.30431791348068, 21.901102935911204 38.30499815601054, 21.901408353606726 38.30657293883244, 21.90398709652093 38.30700370129509)), ((21.8873491450062 38.32605628593846, 21.888490327687038 38.325822342258235, 21.889642518534703 38.326489518484244, 21.89164717192121 38.32669959793531, 21.89252723227892 38.32849533176532, 21.894817941553736 38.328703179240385, 21.89595081905837 38.32779331597604, 21.89648672018707 38.324860274922514, 21.895331722646304 38.32396788375242, 21.893899082864532 38.32375350842378, 21.893310545086344 38.322406170673986, 21.892447114883556 38.32196213667622, 21.89073131327319 38.3219751804835, 21.889595705175903 38.322659711048956, 21.88844632591895 38.32221781614526, 21.88329889410738 38.32225669691687, 21.88073607863055 38.32317718621305, 21.878440140559068 38.32251849380398, 21.8735921640799 38.32368122505278, 21.871587640161888 38.32347083523344, 21.869313298214678 38.324614235295385, 21.86759205233956 38.3241763731656, 21.866164845805645 38.324412226479865, 21.865045031020873 38.32644822744765, 21.86649910515698 38.32846522814052, 21.869078434504562 38.32889674978777, 21.869375196425477 38.32979576536137, 21.8685333321347 38.33115382576937, 21.87396741790116 38.33111345445582, 21.87370034961499 38.332692569858004, 21.87200318659599 38.33428232702947, 21.874294027534813 38.33449057374674, 21.875143950233117 38.33380832355235, 21.87569428787505 38.33200178678889, 21.877960601127775 38.33018241302091, 21.878788674338587 38.32769787042451, 21.881640389228153 38.32700055577515, 21.885938425704154 38.32764407683788, 21.8873491450062 38.32605628593846)))"
